alert date,subject,source,title,description,url,body,keywords
2025-01-08 01:21:28+00:00,['El Salvador minería'],elsalvador.com,Un equipo técnico–científico - Noticias de El Salvador - El Diario de Hoy,"Definitivamente este proceso donde va incursionar el país, en el tema de la minería metálica, sin duda un gran equipo técnico-científico, ...",https://www.elsalvador.com/opinion/editoriales/mineria-/1192178/2025/,,
2025-01-08 01:21:28+00:00,['El Salvador minería'],elsalvador.com,"Gobierno “abusa” de sus facultades, dice secretario del FMLN - El Diario de Hoy",Insistió en el daño ambiental que genera la minería metálica y mucho más en un territorio pequeño como el de El Salvador. “Ahora entiendo porqué ...,https://www.elsalvador.com/noticias/nacional/gobierno-abusa-de-sus-facultades-dice-secretario-fmln/1192326/2025/,,
2025-01-08 01:21:28+00:00,['El Salvador minería'],laprensagrafica.com,"El ""Chino"" Flores, secretario del FMLN, dice que reactivará al partido - La Prensa Gráfica","... el Gobierno actual aprobara revertir la prohibición de la minería en El Salvador. Flores, quien fue candidato presidencial del partido de ...",https://www.laprensagrafica.com/elsalvador/El-Chino-Flores-secretario-del-FMLN-dice-que-reactivara-al-partido-20250107-0097.html,,
2025-01-08 01:21:28+00:00,['El Salvador minería'],contrapunto.com.sv,Muro colapsó tras sismo en San Salvador y dejó a una persona herida - ContraPunto,"Una persona quedó atrapada tras el colapso de un muro en San Salvador, provocado por un sismo. Fue rescatada y atendida por Cruz Verde ...",https://www.contrapunto.com.sv/muro-colapso-tras-sismo-en-san-salvador-y-dejo-a-una-persona-herida/,,
2025-01-23 01:00:07+00:00,['El Salvador minería'],elsalvador.com,Mayoría de salvadoreños cree que el país no tiene condiciones para implementar minería ...,... minería. #ElSalvador | El 48.73 % de personas no apoya la idea de Nayib #Bukele de que haya minería metálica en El Salvador. : EDH/J. García ...,https://www.elsalvador.com/noticias/nacional/mayoria-salvadorenos-cree-que-el-pais-no-tiene-condiciones-para-implementar-mineria-dice-encuesta/1195144/2025/,,
2025-01-23 01:00:07+00:00,['El Salvador minería'],laprensagrafica.com,Encuesta revela que mayoría de salvadoreños no está de acuerdo en reactivar la minería en el país,"El 63% de los encuestados considera que El Salvador no tiene o tiene muy pocas condiciones para llevar a cabo la minería metálica. De ese total, el ...",https://www.laprensagrafica.com/elsalvador/Encuesta-revela-que-mayoria-de-salvadorenos-no-esta-de-acuerdo-en-reactivar-la-mineria-en-el-pais-20250121-0029.html,,
2025-01-23 01:00:07+00:00,['El Salvador minería'],laprensagrafica.com,Presentan demanda de inconstitucionalidad contra Ley de la Minería Metálica en El Salvador,Organizaciones sociales mencionan que no se siguió el trámite de confirmación de Ley y que la minería metálica atenta contra el derecho a la vida ...,https://www.laprensagrafica.com/elsalvador/Presentan-demanda-de-inconstitucionalidad-contra-Ley-de-la-Mineria-Metalica-en-El-Salvador-20250121-0036.html,,
2025-01-23 01:00:07+00:00,['El Salvador minería'],elsalvador.com,Organizaciones presentan demanda de inconstitucionalidad contra ley de minería,"MÁS SOBRE ESTE TEMA. Ciudadanos exigen en protesta la derogación de la Ley de Minería en El Salvador · Bukele: ""Minería no hay, va a haber"" · Red ...",https://www.elsalvador.com/noticias/nacional/organizaciones-presentan-demanda-de-inconstitucionalidad-contra-ley-mineria/1195309/2025/,,
2025-02-06 01:00:08+00:00,['El Salvador minería'],laprensagrafica.com,Nuevo giro del gobierno en la puja por la minería - La Prensa Gráfica,... el daño que se le propinará a un territorio ya suficientemente contaminado. Ad. La dialéctica oficial sobre el proyecto minero en El Salvador tomó ...,https://www.laprensagrafica.com/opinion/Nuevo-giro-del-gobierno-en-la-puja-por-la-mineria-20250203-0070.html,,
2025-02-06 01:00:08+00:00,['El Salvador minería'],elsalvador.com,El Salvador y EE.UU. firmaron un acuerdo de cooperación nuclear civil - El Diario de Hoy,"EPAPER Donald Trump|Fotomultas|Minería|Torneo Clausura 2025|Espectáculos ... La canciller de El Salvador, Alexandra Hill, y el secretario de ...",https://www.elsalvador.com/noticias/nacional/el-salvador-y-eeuu-firmaron-acuerdo-cooperacion-nuclear-civil/1198210/2025/,,
2025-02-06 01:00:08+00:00,['El Salvador minería'],contrapunto.com.sv,Aumento en los precios de los combustibles: Suben hasta $0.07 por galón - ContraPunto,"Los precios de referencia del combustible en El Salvador han registrado ... Minas. La gasolina superior y regular, así como el diésel, han ...",https://www.contrapunto.com.sv/aumento-en-los-precios-de-los-combustibles-suben-hasta-0-07-por-galon/,,
2025-02-06 01:00:08+00:00,['El Salvador minería'],diariolahuella.com,Estados Unidos se compromete con El Salvador para el desarrollo de energía nuclear,"Hoy, el Secretario de Estado del país norteamericano arribó al Aeropuerto Internacional de El Salvador, como parte de su gira por países de la región.",https://www.diariolahuella.com/estados-unidos-se-compromete-con-el-salvador-para-el-desarrollo-de-energia-nuclear/,,
2025-02-20 01:00:08+00:00,['El Salvador minería'],laprensagrafica.com,Lideresa ambiental pide más apoyo en contra de la minería - La Prensa Gráfica,"“Quisiéramos ver otras universidades, a parte de la UCA (Universidad Centroamericana José Simeón Cañas) y de la Universidad El Salvador, otras ...",https://www.laprensagrafica.com/elsalvador/Lideresa-ambiental-pide-mas-apoyo-en-contra-de-la-mineria-20250218-0079.html,,
2025-02-20 01:00:08+00:00,['El Salvador minería'],elsalvador.com,Peruanos invitados por el Gobierno al país buscaron San Isidro para minar,Cabañas Cabañas Oeste Comunidades El Salvador Industria Minera Minería Nayib Bukele Perú Ver Comentarios. Patrocinado por Taboola. Te puede ...,https://www.elsalvador.com/noticias/nacional/mineria-industria-minera-el-salvador-nayib-bukele-cabanas-oeste-peru-/1201069/2025/,,
2025-02-20 01:00:08+00:00,['El Salvador minería'],informatvx.com,“Eugenio Chicas ha sido un testigo clave en todo el proceso y que finalizó con la liberación ...,"... El Salvador” indicó Morales. Morales, señaló que es necesario indagar más del tema de la minería y la verdadera ganancia que se puede recibir del oro ...",https://informatvx.com/eugenio-chicas-ha-sido-un-testigo-clave-en-todo-el-proceso-y-que-finalizo-con-la-liberacion-de-los-ambientalistas-de-santa-marta-vidalina-morales/,,
2025-02-20 01:00:08+00:00,['El Salvador minería'],laprensagrafica.com,Gobierno prevé que demanda de energía crezca hasta 6% por nuevas construcciones,"El titular de la Dirección General de Energía, Hidrocarburos y Minas (DGEHM), Daniel Álvarez, dijo que con las construcciones actuales, ...",https://www.laprensagrafica.com/economia/Gobierno-preve-que-demanda-de-energia-crezca-hasta-6--por-nuevas-construcciones-20250218-0035.html,,
2025-02-18 01:00:16+00:00,['El Salvador minería'],diario.elmundo.sv,Presidente de CESTA descarta que reciban dinero de USAID: “Nos financía gente de la diáspora”,"... minería, como Voces del Futuro, y ... El Salvador (BINAES) en el Centro Histórico del distrito de San Salvador.",https://diario.elmundo.sv/politica/presidente-de-cesta-descarta-que-reciban-dinero-de-usaid-nos-financia-gente-de-la-diaspora,,
2025-02-18 01:00:16+00:00,['El Salvador minería'],laprensagrafica.com,"Lanzan activo digital, COINGT, para Corredor Interoceánico - La Prensa Gráfica",El Consorcio Interoceánico de Guatemala (CIG) anunció en El Salvador este domingo el ... minería. Foto: Arlen Cortez. El Salvador · Ambientalistas ...,https://www.laprensagrafica.com/elsalvador/Lanzan-activo-digital-para-Corredor-Interoceanico-20250216-0034.html,,
2025-02-18 01:00:16+00:00,['El Salvador minería'],laprensagrafica.com,El derrumbe en una mina de oro en Mali deja 42 muertos y varios heridos,El Salvador · Curiosidades · Estados Unidos · Club del vinagre y el bicarbonato · Reformas a Ley de Tránsito. Ad. InternacionalesMinería metálica. El ...,https://www.laprensagrafica.com/internacional/El-derrumbe-en-una-mina-de-oro-en-Mali-deja-42-muertos-y-varios-heridos-20250216-0003.html,,
2025-02-18 01:00:16+00:00,['El Salvador minería'],elsalvador.com,"Nuevo Rosales con 90 % de avance, según Bukele - El Diario de Hoy",EPAPER Donald Trump|Fotomultas|Minería|Torneo Clausura 2025|Espectáculos ... El nuevo edificio del Hospital Nacional Rosales tiene un avance del ...,https://www.elsalvador.com/noticias/nacional/hospital-rosales-nayib-bukele/1200824/2025/,,
2025-02-05 01:00:09+00:00,['El Salvador minería'],elsalvador.com,Mina Los Encuentros: la gran productora de oro y plata del siglo XIX en El Salvador,"La explotación minera en El Salvador fue reconocida internacionalmente por su gran productividad; sin embargo, su historia esta marcada por la ...",https://www.elsalvador.com/fotogalerias/noticias-fotogalerias/mina-los-encuentros-el-salvador-oro-plata-corrupcion/1196155/2025/,,
2025-02-05 01:00:09+00:00,['El Salvador minería'],elsalvador.com,Vestigios de una mina en el oriente del país - Noticias de El Salvador - El Diario de Hoy,Las minas El Divisadero eran de las más importantes de la franja minera de oriente; la parte más extensa la abarcaba Los Encuentros y estaba formada ...,https://www.elsalvador.com/noticias/nacional/vestigios-de-una-mina-en-el-oriente-del-pais/1197915/2025/,,
2025-02-05 01:00:09+00:00,['El Salvador minería'],laprensagrafica.com,"Ambientalistas de Santa Marta no se presentan a repetición de juicio por ""falta de garantías ...",Túnel de una mina en San Sebastián. Foto LPG: Dennis Argueta. Impactos ocultos de la minería en El Salvador: demandas y tragedias en la historia ( ...,https://www.laprensagrafica.com/elsalvador/Ambientalistas-de-Santa-Marta-no-se-presentan-a-repeticion-de-juicio-por-falta-de-garantias-de-justicia-20250203-0024.html,,
2025-02-05 01:00:09+00:00,['El Salvador minería'],laprensagrafica.com,Opiniones por encargo - La Prensa Gráfica,"... de la minería, quedan relegados al margen del debate. Ad. En El Salvador, la figura del ""analista político"" ha alcanzado un protagonismo ...",https://www.laprensagrafica.com/opinion/Opiniones-por-encargo-20250131-0090.html,,
2025-01-22 01:00:08+00:00,['El Salvador minería'],laprensagrafica.com,Más de 100 años de minería - La Prensa Gráfica,"De hecho, a lo largo de los años se registraron graves daños ambientales debido a la presencia de los metales utilizados en esos procesos industriales ...",https://www.laprensagrafica.com/opinion/Mas-de-100-anos-de-mineria-20250117-0075.html,,
2025-01-22 01:00:08+00:00,['El Salvador minería'],elfaro.net,Bukele's Mining Law Draws Hundreds of Protestors in San Salvador - El Faro,"This protest was the largest against the law since it was announced by de facto President Nayib Bukele in November. During the rally, the Catholic ...",https://elfaro.net/en/202501/ef_photo/27712/bukele-rsquo-s-mining-law-draws-hundreds-of-protestors-in-san-salvador,,
2025-01-22 01:00:08+00:00,['El Salvador minería'],elsalvador.com,Ciudadanos exigen en protesta la derogación de la Ley de Minería en El Salvador,"La protesta fue convocada a través de redes sociales para crear un espacio de expresión de la sociedad civil, que no está de acuerdo con esta ...",https://www.elsalvador.com/fotogalerias/noticias-fotogalerias/protestas-sociales-mineria-binaes-san-salvador-centro-historico-el/1194850/2025/,,
2025-01-22 01:00:08+00:00,['El Salvador minería'],diario.elmundo.sv,"El Salvador en la segunda era Trump: deportaciones, proteccionismo y China",Las deportaciones masivas y los efectos inflacionarios de una política proteccionista a la economía estadounidense parecen las consecuencias más ...,https://diario.elmundo.sv/politica/el-salvador-en-la-segunda-era-trump-deportaciones-proteccionismo-y-china,,
2025-01-09 01:18:26+00:00,['El Salvador minería'],caritas.sv,"La mayoría de la población salvadoreña dice SÍ a la Vida, NO a la minería.","En menos de 12 días la Conferencia Episcopal de El Salvador reiteró su rechazo a la explotación minera metálica con dos comunicados, en los que dejan ...",https://www.caritas.sv/nuestro-trabajo/noticias/1131-la-mayoria-de-la-poblacion-salvadorena-dice-si-a-la-vida-no-a-la-mineria,,
2025-01-09 01:18:26+00:00,['El Salvador minería'],noalamineria.org.sv,Comunicado: el próximo 3 de febrero se registrará un precedente nefasto en la justicia salvadoreña,"Más de 30 redes y alianzas del movimiento social salvadoreño, incluida la Mesa Nacional Frente a la Minería Metálica en El Salvador, ...",https://noalamineria.org.sv/2025/01/08/comunicado-el-proximo-3-de-febrero-se-registrara-un-precedente-nefasto-en-la-justicia-salvadorena/,,
2025-01-09 01:18:26+00:00,['El Salvador minería'],izcanal.org,"Marcelo Rivera, ambientalista asesinado en San Isidro en 2009 - Izcanal","El legado de Rivera ha sido fundamental en la lucha contra la minería metálica en El Salvador. Su activismo contribuyó a la aprobación, en marzo de ...",https://izcanal.org/marcelo-rivera-ambientalista-asesinado-en-san-isidro-en-2009/,,
2025-01-11 01:00:28+00:00,['El Salvador minería'],diario.elmundo.sv,"Explotación minera en San Isidro, Cabañas, causó la pérdida de 20 espejos de agua","Esa es una implicación que tendrá El Salvador”, aseveró. McKinley destacó que la mina San Martín, en Honduras, en 9 años de operación provocó que un ...",https://diario.elmundo.sv/nacionales/explotacion-minera-en-san-isidro-cabanas-causo-la-perdida-de-20-espejos-de-agua-experto-en-mineria,,
2025-01-11 01:00:28+00:00,['El Salvador minería'],revistafactum.com,La minería o la defensa de la vida - Revista Factum,El actual debate en El Salvador en torno a la reactivación de la explotación minera nos pone nuevamente ante un dilema ético.,https://www.revistafactum.com/mineria-defensa-vida/,,
2025-01-11 01:00:28+00:00,['El Salvador minería'],diario.elmundo.sv,William Soriano: estudios en minería “se tomarán en cuenta para tomar decisiones”,"El diputado William Soriano, de Nuevas Ideas, aseveró que serán los resultados de los estudios de minería que se realicen en El Salvador “los que ...",https://diario.elmundo.sv/politica/william-soriano-estudios-en-mineria-se-tomaran-en-cuenta-para-tomar-decisiones,,
2025-01-11 01:00:28+00:00,['El Salvador minería'],laprensagrafica.com,Deslumbrados por el oro - La Prensa Gráfica,"El Salvador tiene 20 mil Kms2 y 6.4 millones de habitantes, deslumbrados por el ... La minería a cielo abierto representa el 70% de la extracción ...",https://www.laprensagrafica.com/opinion/Deslumbrados-por-el-oro-20250109-0083.html,,
2025-02-17 01:00:08+00:00,['El Salvador minería'],laprensagrafica.com,Ambientalistas contra la minería denuncian ataques y campañas de desprestigio,"""Los intereses extractivistas en El Salvador junto con el gobierno han estado orquestando campañas de desprestigio de forma sistemática para dañar la ...",https://www.laprensagrafica.com/elsalvador/Ambientalistas-contra-la-mineria-denuncian-ataques-y-campanas-de-desprestigio-20250215-0018.html,,
2025-02-17 01:00:08+00:00,['El Salvador minería'],elsalvador.com,Ambientalistas denuncian persecución y hostigamiento por oponerse a la minería,... minería en el país. Foto EDH/ Menly Gonzalez. Reitera su rechazo a la minería metálica en El Salvador y exige al gobierno que derogue la ley que ...,https://www.elsalvador.com/noticias/nacional/ambientalistas-denuncian-persecucion-y-hostigamiento-por-oponerse-a-mineria/1200639/2025/,,
2025-02-17 01:00:08+00:00,['El Salvador minería'],diario.elmundo.sv,Ambientalistas en contra de la minería denuncian ataques digitales de parte del gobierno,"Obispo De la Iglesia Católica Antigua de El Salvador. El religioso dijo que aún no han tenido ataques físicos, y esperan que eso no suceda, aunque ya ...",https://diario.elmundo.sv/nacionales/ambientalistas-en-contra-de-la-mineria-denuncian-ataques-digitales-de-parte-del-gobierno,,
2025-02-17 01:00:08+00:00,['El Salvador minería'],elsalvador.com,Combatir la corrupción - Noticias de El Salvador - El Diario de Hoy,"La ley que permite la minería en el país, a pesar del rechazo total del pueblo y de las principales instituciones, es un tema donde la corrupción ...",https://www.elsalvador.com/opinion/editoriales/lucha-contra-la-corrupcion-/1200638/2025/,,
2025-02-03 01:00:08+00:00,['El Salvador minería'],laprensagrafica.com,Presentan plan de saneamiento para los ríos Matalapa y Acelhuate - La Prensa Gráfica,"Túnel de una mina en San Sebastián. Foto LPG: Dennis Argueta. El Salvador · La sombra de la minería: demandas, asesinatos y manipulaciones (Parte II).",https://www.laprensagrafica.com/elsalvador/Presentan-plan-de-saneamiento-para-los-rios-Matalapa-y-Acelhuate-20250201-0022.html,,
2025-02-03 01:00:08+00:00,['El Salvador minería'],elsalvador.com,De la sonrisa al miedo - El Diario de Hoy,"Pedimos al Divino Salvador del Mundo que sea pronto. Por Teresa Guevara ... minas de El Dorado. “Nos contaminaron los ríos, se murió nuestro ...",https://www.elsalvador.com/opinion/editoriales/mineria-/1197616/2025/,,
2025-02-03 01:00:08+00:00,['El Salvador minería'],laprensagrafica.com,Actualizan precio del gas para febrero: estas son las nuevas tarifas por cilindro,"Este sábado, la Dirección General de Energía, Hidrocarburos y Minas actualizó los precios del Gas Licuado del Petróleo (GLP) para El Salvador. La ...",https://www.laprensagrafica.com/economia/Actualizan-precio-del-gas-para-febrero-estas-son-las-nuevas-tarifas-por-cilindro-20250201-0031.html,,
2025-02-03 01:00:08+00:00,['El Salvador minería'],lapagina.com.sv,Subsidio al gas licuado se mantiene estable para el mes de febrero - Diario La Página,"La Dirección de Energía, Hidrocarburos y Minas, anunció los precios ... © 2024 Diario La Página - Noticias de El Salvador. No Result. View All ...",https://lapagina.com.sv/nacionales/subsidio-al-gas-licuado-se-mantiene-estable-para-el-mes-de-febrero/,,
2025-02-04 01:00:18+00:00,['El Salvador minería'],elsalvador.com,"CONADAM: ""Los proyectos mineros se vuelven una zona de sacrificio"" - El Diario de Hoy","La CONADAM reafirmó su desacuerdo con la reactivación de la minería en El Salvador, los ataques a defensores ambientales y la explotación de otros ...",https://www.elsalvador.com/noticias/nacional/mineria-medio-ambiente-contaminacion-del-agua/1197667/2025/,,
2025-02-04 01:00:18+00:00,['El Salvador minería'],lapagina.com.sv,Bukele cuestiona a opositores de la minería y señala su silencio ante la violencia en El Salvador,"El presidente Nayib Bukele criticó a quienes se oponen a la minería metálica en el país, acusándolos de haber guardado silencio cuando la ...",https://lapagina.com.sv/nacionales/bukele-cuestiona-a-opositores-de-la-mineria-y-senala-su-silencio-ante-la-violencia-en-el-salvador/,,
2025-02-04 01:00:18+00:00,['El Salvador minería'],diariolahuella.com,Presidente Bukele cuestiona críticas sobre la minería metálica y descalifica postura de ...,"El Presidente Nayib Bukele expresó su descontento con quienes critican la minería metálica en El Salvador, al tiempo que les recordó su actitud ...",https://diariolahuella.com/presidente-bukele-cuestiona-criticas-sobre-la-mineria-metalica-y-descalifica-postura-de-iglesia-catolica/,,
2025-02-04 01:00:18+00:00,['El Salvador minería'],diario.elmundo.sv,Bukele responde a las críticas de la Iglesia Católica sobre la minería y les increpa su papel ...,El arzobispo José Luis Escobar Alas dijo el viernes que “estamos pidiendo a la Asamblea Legislativa que reconsidere la aprobación de la Ley de ...,https://diario.elmundo.sv/politica/bukele-responde-a-las-criticas-de-la-iglesia-catolica-sobre-la-mineria-y-les-increpa-su-papel-en-la-tregua,,
2025-02-19 01:00:07+00:00,['El Salvador minería'],elsalvador.com,Empresa relacionada con Minera Titan ya compró 3 terrenos en Cabañas - El Diario de Hoy,"Tres terrenos, cuyo tamaño total equivale a nueve veces y media todo el parque Cuscatlán de San Salvador, fueron comprados en San Isidro, Cabañas ...",https://www.elsalvador.com/noticias/nacional/empresa-relacionada-minera-titan-compro-tres-terrenos-cabanas/1200890/2025/,,
2025-02-19 01:00:07+00:00,['El Salvador minería'],diario.elmundo.sv,"Denuncian que persiste drenaje ácido por exploración minera en El Dorado, Cabañas","El representante de ADES, Alfredo Leiva, señaló que El Dorado era uno de los proyectos mineros más avanzados que se tenían en El Salvador a inicios de ...",https://diario.elmundo.sv/nacionales/denuncian-que-persiste-drenaje-acido-por-exploracion-minera-en-el-dorado-cabanas,,
2025-02-19 01:00:07+00:00,['El Salvador minería'],elsalvador.com,Ahora tuercen la ley para vengarse de Eugenio Chicas - Noticias de El Salvador,"Es el testigo de descargo de los activistas de Santa Marta contra la minería, la cual el régimen busca imponer y la población rechaza.",https://www.elsalvador.com/opinion/nota-del-dia/lucha-contra-la-corrupcion-delitos-constitucion-/1200701/2025/,,
2025-02-19 01:00:07+00:00,['El Salvador minería'],lapagina.com.sv,Representante de colectivo vinculada al FMLN denuncia supuesta «campaña sucia» contra ...,... minería metálica. En un ... En «Deportes». Tags: Colectivos de DDHHEl SalvadorFMLNGobierno de El SalvadorNayib BukeleOrganizaciones Ambientales.,https://lapagina.com.sv/nacionales/representante-de-colectivo-vinculada-al-fmln-denuncia-supuesta-campana-sucia-contra-organizaciones-ambientalistas/,,
2025-01-10 01:00:08+00:00,['El Salvador minería'],elsalvador.com,Soriano dice que quienes votaron por la minería se comprometen a cuidar recursos naturales,"El diputado cree que pueda ejercerse minería verde en el ... El Salvador sea un país donde se cuiden sus activos, su naturaleza. ""Yo ...",https://www.elsalvador.com/noticias/nacional/asamblea-mineria-william-soriano-nuevas-ideas/1192542/2025/,,
2025-01-10 01:00:08+00:00,['El Salvador minería'],laprensagrafica.com,Habitantes de Santa Marta denuncian acoso de extraños en comunidad desde que se ...,"... el gobierno del presidente Nayib Bukele anunció su pretensión de reactivar la minería en El Salvador. Vidalina Morales, lideresa de la comunidad ...",https://www.laprensagrafica.com/elsalvador/Habitantes-de-Santa-Marta-denuncian-acoso-de-extranos-en-comunidad-desde-que-se-anuncio-reactivacion-de-mineria-20250108-0065.html,,
2025-01-10 01:00:08+00:00,['El Salvador minería'],elsalvador.com,Organizaciones denuncian “doble juzgamiento” en caso Santa Marta - El Diario de Hoy,... minería. La ... del gobierno de reactivar los proyectos mineros en el país. “Desde el 2020 nosotros veníamos poniendo en alerta a El Salvador ...,https://www.elsalvador.com/noticias/nacional/crimenes-de-guerra-juicios-juzgados-fiscalia-general/1192540/2025/,,
2025-01-10 01:00:08+00:00,['El Salvador minería'],diario.elmundo.sv,Organizaciones presionan por la absolución de procesados en caso Santa Marta que irán a ...,"... El Salvador y del Foro del Agua. Así como miembros del Foro Nacional ... minería metálica en El Salvador, aprobada en diciembre del año pasado.",https://diario.elmundo.sv/nacionales/organizaciones-presionan-por-la-absolucion-de-procesados-en-caso-santa-marta-que-iran-a-nuevo-juicio-en-febrero,,
2025-01-06 01:15:51+00:00,['El Salvador minería'],elsalvador.com,"""45 kilómetros cuadrados para extraer oro"": Las zonas de posible explotación minera","La amenaza del impacto ambiental de la minería causa temor en San Isidro ... ""En 200 años de explotación minera en El Salvador, las comunidades siguen ...",https://www.elsalvador.com/fotogalerias/noticias-fotogalerias/mineria-contaminacion-del-agua-de-rios-suelo/1191362/2025/,,
2025-01-06 01:15:51+00:00,['El Salvador minería'],lapagina.com.sv,Oposición usa la religión como herramienta política afirma el diputado Christian Guevara,"... mineria sin importar a quien van a dañar, que conciencia pueden ... El Salvador.. Tambien Los dos bandos itilizaron esas tacticas y otras ...",https://lapagina.com.sv/nacionales/oposicion-usa-la-religion-como-herramienta-politica-afirma-diputado-christian-guevara/,,
2024-12-31 01:18:13+00:00,['El Salvador minería'],diariolahuella.com,Presidente Bukele reactivó la minería en El Salvador para impulsar el desarrollo económico ...,"El Presidente Nayib Bukele ha dado un paso firme en la reactivación de la minería metálica en El Salvador, una medida que promete transformar la ...",https://diariolahuella.com/presidente-bukele-reactivo-la-mineria-en-el-salvador-para-impulsar-el-desarrollo-economico-salvadoreno/,,
2024-12-31 01:18:13+00:00,['El Salvador minería'],laprensagrafica.com,Nueva Ley General de Minería Metálica - La Prensa Gráfica,"Enormes desafíos para El Salvador, y como expresamos en nuestra columna anterior deben ser retomados por el Fondo Monetario Internacional y demás ...",https://www.laprensagrafica.com/opinion/Nueva-Ley-General-de-Mineria-Metalica-20241227-0082.html,,
2024-12-31 01:18:13+00:00,['El Salvador minería'],diario.elmundo.sv,Organizaciones piden al Gobierno abrir diálogo y reconsiderar aval a minería metálica,... minería metálica en El Salvador. Un ...,https://diario.elmundo.sv/politica/organizaciones-piden-al-gobierno-abrir-dialogo-y-reconsiderar-aval-a-mineria-metalica,,
2024-12-31 01:18:13+00:00,['El Salvador minería'],elsalvador.com,Próxima cosecha de café se verá disminuida prevé cooperativa - El Diario de Hoy,"... el proyecto de la minería en el país, pues para algunos El Salvador no se ha logrado reponerse de tanta pérdida y con más, es un desafío que ...",https://www.elsalvador.com/noticias/nacional/cafe-morazan-norte-perdidas-economicas-san-miguel-/1189961/2024/,,
2025-02-14 01:00:08+00:00,['El Salvador minería'],elsalvador.com,"Rector de la UES: ""No existe la minería verde, la minería es nociva para la población""","La Universidad de El Salvador ha reiterado su postura en contra la minería metálica en El Salvador, y desde el respaldo académico técnico y ...",https://www.elsalvador.com/noticias/nacional/rector-de-la-ues-no-existe-mineria-verde-es-nociva-para-poblacion/1199713/2025/,,
2025-02-14 01:00:08+00:00,['El Salvador minería'],laprensagrafica.com,Investigan construcción de plaza comercial por posible daño ambiental - La Prensa Gráfica,El Salvador · Super Bowl · Estados Unidos · Curiosos · Club del ... Organizaciones proponen un solo bloque contra la minería metálica en El Salvador.,https://www.laprensagrafica.com/elsalvador/Investigan-construccion-de-plaza-comercial-por-posible-dano-ambiental--20250212-0074.html,,
2025-02-14 01:00:08+00:00,['El Salvador minería'],elsalvador.com,Producción de caña de azúcar genera 2.5 millones de toneladas en los primeros meses,EPAPER Donald Trump|Fotomultas|Minería|Torneo Clausura 2025|Espectáculos ... azucar sacos granel exportacion el salvador El Salvador no solo vende ...,https://www.elsalvador.com/noticias/negocios/caneros-cosechan-2-5-millones-de-toneladas-en-primeros-meses-zafra/1199820/2025/,,
2025-02-14 01:00:08+00:00,['El Salvador minería'],laprensagrafica.com,No hay peor sordera que aquella a propósito - La Prensa Gráfica,Poco le interesa al gobierno dialogar sobre urgentes temas como el de la minería ... El Salvador tiene mucho que decir en la coyuntura. La Prensa ...,https://www.laprensagrafica.com/opinion/No-hay-peor-sordera-que-aquella-a-proposito-20250211-0070.html,,
2025-02-08 01:00:19+00:00,['El Salvador minería'],ultimahora.sv,Bloque de Resistencia y Rebeldía Popular llama al pueblo a luchar contra la minería,... minería metálica en El Salvador. «Solo el fortalecimiento organizativo permitirá la defensa del territorio y contribuirá a derrotar ese proyecto ...,https://ultimahora.sv/bloque-de-resistencia-y-rebeldia-popular-llama-al-pueblo-a-luchar-contra-la-mineria/,,
2025-02-08 01:00:19+00:00,['El Salvador minería'],ultimahora.sv,Ronal Umaña rechaza la energía nuclear: El Salvador tiene «uno de los soles más precioso ...,"El analista político, Ronal Umaña, rechazó que en El Salvador se impulse un proyecto nuclear con el apoyo de Estados Unidos, tal y como lo anunció ...",https://ultimahora.sv/ronal-umana-rechaza-la-energia-nuclear-el-salvador-tiene-uno-de-los-soles-mas-precioso-del-mundo/,,
2025-02-08 01:00:19+00:00,['El Salvador minería'],elsalvador.com,"Deuda pública supera el 90% del PIB en El Salvador, aún con previsiones del BCR","EPAPER Donald Trump|Fotomultas|Minería|Torneo Clausura 2025|Espectáculos. Deuda pública supera el 90% del PIB en El Salvador, aún con previsiones del ...",https://www.elsalvador.com/noticias/negocios/pib-el-salvador-deuda-publica-gastos-publicos-nayib-bukele/1198518/2025/,,
2025-02-08 01:00:19+00:00,['El Salvador minería'],diario.elmundo.sv,Nicaragua entrega dos concesiones mineras a empresa china - Diario El Mundo,"Las licencias fueron otorgadas en zonas fronterizas con Honduras, aumentando la presencia china en el sector minero.",https://diario.elmundo.sv/el-mundo/nicaragua-entrega-dos-concesiones-mineras-a-empresa-china,,
2025-02-07 01:00:08+00:00,['El Salvador minería'],elsalvador.com,Una mina: 10 años de vida útil y décadas de contaminación - El Diario de Hoy,"... el medio ambiente. ""En general, el impacto de la minería en El Salvador se puede desglosar en varios aspectos. En primer lugar, implica la ...",https://www.elsalvador.com/noticias/nacional/contaminacion-por-mineria-dura-decadas/1198262/2025/,,
2025-02-07 01:00:08+00:00,['El Salvador minería'],laprensagrafica.com,¿La minería metálica es compatible con la salud pública? - La Prensa Gráfica,... el impacto que la industria minera tendrá en nuestro país ... El Salvador · Donald Trump · Marco Rubio · Fito Zelaya · Club del vinagre y ...,https://www.laprensagrafica.com/opinion/La-mineria-metalica-es-compatible-con-la-salud-publica-20250204-0071.html,,
2025-02-07 01:00:08+00:00,['El Salvador minería'],informatvx.com,"""La ambición del oro ha empezado con la persecución de defensores de la naturaleza en ...","... minería, actualmente son criminalizados 5 líderes ambientalistas” menciona Magaña. ... Quiénes enseñan en la Universidad de El Salvador? 7 de abril de ...",https://informatvx.com/la-ambicion-del-oro-ha-empezado-con-la-persecucion-de-defensores-de-la-naturaleza-en-cabanas-dice-el-economista-jose-luis-magana/,,
2025-02-07 01:00:08+00:00,['El Salvador minería'],diariolahuella.com,El Salvador fortalece su liderazgo en tecnología blockchain en la región - Diario La Huella,"Bajo la gestión del Presidente Nayib Bukele, el país se convirtió en el primero en establecer Bitcoin como moneda de curso legal, lo que ha permitido ...",https://www.diariolahuella.com/el-salvador-fortalece-su-liderazgo-en-tecnologia-blockchain-en-la-region/,,
2025-02-13 01:00:06+00:00,['El Salvador minería'],laprensagrafica.com,Organizaciones proponen un solo bloque contra la minería metálica en El Salvador,ADES Santa Marta y organizaciones sociales criticaron que el proceso de los líderes ambientalistas tenga como trasfondo la reactivación minera en ...,https://www.laprensagrafica.com/elsalvador/Organizaciones-proponen-un-solo-bloque-contra-la-mineria-metalica-en-El-Salvador-20250211-0047.html,,
2025-02-13 01:00:06+00:00,['El Salvador minería'],elsalvador.com,Impactos irreversibles de la minería metálica: Colegio Médico cuestiona el silencio del Gobierno,"“Como Colegio Médico, consideramos que la minería metálica es la principal amenaza para la salud pública en El Salvador en 2025”, agregó el ...",https://www.elsalvador.com/noticias/nacional/impactos-mineria-colegio-medico-cuestiona-silencio-gobierno/1199614/2025/,,
2025-02-13 01:00:06+00:00,['El Salvador minería'],laprensagrafica.com,"El sistema de salud no tiene recursos para atender impactos de la minería, dice Colegio Médico",El Colegio Médico de El Salvador lamentó que instituciones como el MINSAL no se haya pronunciado sobre los efectos que causará la minería metálica ...,https://www.laprensagrafica.com/elsalvador/El-sistema-de-salud-no-tiene-recursos-para-atender-impactos-de-la-mineria-dice-COLMEDES-20250210-0077.html,,
2025-02-13 01:00:06+00:00,['El Salvador minería'],ultimahora.sv,Cristosal ofrece plazas de trabajo para organizar gente y defender derechos humanos,"Recientemente, ha apoyado movimientos en contra de la minería. Iglesia y Cristosal realizan campaña contra la minería metálica en El Salvador ...",https://ultimahora.sv/cristosal-ofrece-plazas-de-trabajo-para-organizar-gente-y-defender-derechos-humanos/,,
2025-01-01 01:16:44+00:00,['El Salvador minería'],cdn-0.diariolahuella.com,Presidente Bukele reactivó la minería en El Salvador para impulsar el desarrollo económico ...,"El Presidente Nayib Bukele ha dado un paso firme en la reactivación de la minería metálica en El Salvador, una medida que promete transformar la ...",https://cdn-0.diariolahuella.com/presidente-bukele-reactivo-la-mineria-en-el-salvador-para-impulsar-el-desarrollo-economico-salvadoreno/,,
2025-01-01 01:16:44+00:00,['El Salvador minería'],lapagina.com.sv,Etiqueta: MINERÍA METÁLICA EL SALVADOR,"China confirma haber realizado el mayor hallazgo de yacimiento de oro en el mundo. por Agencias · domingo, 29 diciembre 2024 11:24 AM.",https://lapagina.com.sv/etiquetas/mineria-metalica-el-salvador/,,
2025-01-07 01:24:28+00:00,['El Salvador minería'],laprensagrafica.com,Arbitrariedades - La Prensa Gráfica,... Minería Metálica que le causará un grave daño al medio ambiente salvadoreño ... El Salvador · Suben tarifas a multas · Año Nuevo · Curiosos · Turismo en ...,https://www.laprensagrafica.com/opinion/Arbitrariedades-20250103-0056.html,,
2025-01-07 01:24:28+00:00,['El Salvador minería'],laprensagrafica.com,La gasolina en El Salvador inicia 2025 con aumento de precios: conoce las nuevas tarifas ...,"La Dirección de Energía, Hidrocarburos y Minas presentó la nueva tabla tarifaria que estará disponible del 7 al 20 de enero. Esta es la lista de los ...",https://www.laprensagrafica.com/economia/La-gasolina-en-El-Salvador-inicia-2025-con-aumento-de-precios-conoce-las-nuevas-tarifas-de-referencia-20250106-0010.html,,
2025-01-07 01:24:28+00:00,['El Salvador minería'],contrapunto.com.sv,137 réplicas tras sismo de 6.3 en El Salvador - ContraPunto,"Tras el sismo de magnitud 6.3 sucedido el 5 de enero, el MARN reporta 137 réplicas, 19 de ellas sentidas por la población.",https://www.contrapunto.com.sv/137-replicas-tras-sismo-de-6-3-en-el-salvador/,,
2025-01-07 01:24:28+00:00,['El Salvador minería'],contrapunto.com.sv,Aumentan precios de combustibles en El Salvador por factores externos - ContraPunto,"y el aumento de demanda global liderado por China. La Dirección General de Energía, Hidrocarburos y Minas informó un aumento en los precios de ...",https://www.contrapunto.com.sv/aumentan-precios-de-combustibles-en-el-salvador-por-factores-externos/,,
2024-12-30 01:15:57+00:00,['El Salvador minería'],elsalvador.com,El precio de la minería: Impactos irreversibles tras su aprobación - El Diario de Hoy,El Salvador pasó por 200 años de explotación minera sin generar desarrollo económico para las comunidades. Por 7 años hubo una ley que prohibió ...,https://www.elsalvador.com/noticias/nacional/el-precio-mineria-irreversibles-aprobacion-ley/1190100/2024/,,
2024-12-30 01:15:57+00:00,['El Salvador minería'],laprensagrafica.com,Minería: la nueva ocurrencia - La Prensa Gráfica,"Por supuesto, hay que saber algo de historia para entender lo que Bukele quiere decirnos, pues, según él, en El Salvador habría bastante más oro que ...",https://www.laprensagrafica.com/opinion/Mineria-la-nueva-ocurrencia-20241227-0071.html,,
2024-12-30 01:15:57+00:00,['El Salvador minería'],diario.elmundo.sv,Movimiento prevé conflictos por tierras y cultivos debido a minería metálica,"... minería metálica que estuvo vigente en El Salvador desde 2017. Las autoridades de la Dirección de Energías, Hidrocarburos y minas ha prometido que ...",https://diario.elmundo.sv/politica/movimiento-preve-conflictos-por-tierras-y-cultivos-debido-a-mineria-metalica,,
2024-12-30 01:15:57+00:00,['El Salvador minería'],laprensagrafica.com,Acuerdos entre El Salvador y Costa Rica son declarados confidenciales - La Prensa Gráfica,El Salvador · Suben tarifas a multas · Historia de El Salvador · Curiosos · Minería metálica · Deportes. Ad. El SalvadorPolíticaNayib Bukele. Acuerdos ...,https://www.laprensagrafica.com/elsalvador/Acuerdos-entre-El-Salvador-y-Costa-Rica-son-declarados-confidenciales-20241227-0070.html,,
2025-01-05 01:15:12+00:00,['El Salvador minería'],elsalvador.com,Gobierno podrá hacer negocios con minería ocultando 'socios' - El Diario de Hoy,Diputados señalaron que el gobierno puede darle la mayor parte del negocio a privados sin tener que pasar por controles de un concurso público en ...,https://www.elsalvador.com/noticias/nacional/mineria-nayib-bukele-medio-ambiente-ministerio-de-diputados-asamblea-presidente-legislativa-/1191389/2025/,,
2025-01-05 01:15:12+00:00,['El Salvador minería'],elsalvador.com,Carta: La de la minería es una ley hecha con las patas para fomentar la corrupción,"La nueva Ley de Minería ni siquiera cita el Art.103 de la Constitución (“El subsuelo pertenece al Estado, el cual podrá otorgar concesiones para ...",https://www.elsalvador.com/opinion/cartas-de-paolo/las-cartas-de-paolo-luers-/1191509/2025/,,
2025-01-05 01:15:12+00:00,['El Salvador minería'],diario.elmundo.sv,Cooperativa de Sacerdotes pide veto presidencial a Ley de Minería Metálica,"Coopesa, una gremial de 600 sacerdotes de El Salvador, Honduras, Guatemala, México y Estados Unidos, sostuvo en el escrito que los “diputados ...",https://diario.elmundo.sv/politica/cooperativa-de-sacerdotes-pide-veto-presidencial-a-ley-de-mineria-metalica,,
2025-01-05 01:15:12+00:00,['El Salvador minería'],laprensagrafica.com,Asamblea con plenaria el domingo por régimen de excepción - La Prensa Gráfica,"... minería metálica en el país. El régimen de excepción, medida que ... El régimen de excepción cumple 1,000 días en El Salvador · 1,000 días de ...",https://www.laprensagrafica.com/elsalvador/Asamblea-con-plenaria-el-domingo-por-regimen-de-excepcion-20250103-0040.html,,
2025-02-09 01:00:08+00:00,['El Salvador minería'],diario.elmundo.sv,Médico alerta sobre los riesgos de la minería para salud de las personas - Diario El Mundo,... el impacto negativo que tiene la minería en la salud de las personas. ... © Copyright EL MUNDO | Noticias de El Salvador y el mundo. Todos los ...,https://diario.elmundo.sv/nacionales/medico-alerta-sobre-los-riesgos-de-la-mineria-para-salud-de-las-personas,,
2025-02-09 01:00:08+00:00,['El Salvador minería'],laprensagrafica.com,Corta vida y discreto fin para la Ley Bitcóin - La Prensa Gráfica,El fracaso del proyecto que convertiría a El Salvador en la meca del ... La minería metálica es compatible con la salud pública? Iván Solano ...,https://www.laprensagrafica.com/opinion/Corta-vida-y-discreto-fin-para-la-Ley-Bitcoin-20250206-0098.html,,
2025-02-09 01:00:08+00:00,['El Salvador minería'],elsalvador.com,Se elevan a 107 las réplicas de sismos en Conchagua - El Diario de Hoy,"EPAPER Donald Trump|Fotomultas|Minería|Torneo Clausura 2025|Espectáculos ... El Observatorio del MARN señala que esta actividad, se debe a fallas ...",https://www.elsalvador.com/noticias/nacional/sismos-conchagua-la-union-sur-ministerio-de-medio-ambiente-juayua-/1198969/2025/,,
2025-02-09 01:00:08+00:00,['El Salvador minería'],elsalvador.com,Asamblea aprobó préstamo por $60 millones y garantías soberanas a otros créditos,"... Salvador”, que serviría para financiar la creación de un centro de datos. ... Se otorgue Garantía Soberana del Estado para el Contrato de Línea de ...",https://www.elsalvador.com/noticias/nacional/asamblea-ministerio-de-hacienda-endeudamiento-plenaria/1198853/2025/,,
2025-02-15 01:00:07+00:00,['El Salvador minería'],lapagina.com.sv,FMLN califica de arbitraria la captura por enriquecimiento ilícito de Eugenio Chicas,"... El Salvador”. A través de un comunicado oficial, la dirigencia del ... minería metálica, el uso del bitcoin y la creciente deuda pública. La ...",https://lapagina.com.sv/nacionales/fmln-califica-de-arbitraria-la-captura-por-enriquecimiento-ilicito-de-eugenio-chicas/,,
2025-02-15 01:00:07+00:00,['El Salvador minería'],elsalvador.com,"Economista vaticina ""escenario apocalíptico"" para El Salvador si deportan a ... - El Diario de Hoy",EPAPER Donald Trump|Fotomultas|Minería|Torneo Clausura 2025|Espectáculos ... El Gobierno del presidente Nayib Bukele aseguró a principios de febrero que ...,https://www.elsalvador.com/noticias/nacional/deportacion-/1200077/2025/,,
2025-02-15 01:00:07+00:00,['El Salvador minería'],laprensagrafica.com,FMLN califica de arbitraria la captura de Eugenio Chicas - La Prensa Gráfica,"... el gobierno del profesor Salvador Sánchez Cerén. Según la Fiscalía ... minería metálica, el uso del bitcóin y la aprobación de decretos ...",https://www.laprensagrafica.com/elsalvador/FMLN-califica-de-arbitraria-la-captura-de-Eugenio-Chicas-20250213-0055.html,,
2025-02-15 01:00:07+00:00,['El Salvador minería'],revistafactum.com,Trump ayudará a Bukele con la migración inversa - Revista Factum,... El Salvador la política de deportaciones masivas impulsada por el presidente Donald Trump ... ##Economía #Minería #Nayib Bukele · Una ilusión. por ...,https://www.revistafactum.com/live-deportaciones/,,
2025-01-12 01:19:21+00:00,['El Salvador minería'],elindependiente.sv,Repudio por aprobación de minería metálica en El Salvador - El Independiente,"El presidente de El Salvador, Nayib Bukele, avaló la ley que posibilitará la explotación de la minería metálica, según consigna hoy una ...",https://www.elindependiente.sv/2025/01/11/repudio-por-aprobacion-de-mineria-metalica-en-el-salvador/,,
2025-01-12 01:19:21+00:00,['El Salvador minería'],elindependiente.sv,El Salvador | Minería metálica en epicentro de conflictos - El Independiente,Detener la explotación minera metálica se mantiene en el epicentro de los principales problemas que enfrenta el gobierno en El Salvador.,https://www.elindependiente.sv/2025/01/10/el-salvador-mineria-metalica-en-epicentro-de-conflictos/,,
2025-01-12 01:19:21+00:00,['El Salvador minería'],enlamira.com.sv,La Ley de Minería Metálica e inició vigencia el 7 de enero - En La Mira Noticias,El presidente Nayib Bukele sancionó la ley de minería metálica el 7 de enero dE este año por lo que ya se puede realizar en El Salvador.,https://enlamira.com.sv/la-ley-de-mineria-metalica-e-inicio-vigencia-el-7-de-enero/,,
2025-01-13 01:00:07+00:00,['El Salvador minería'],laprensagrafica.com,Bukele sanciona ley que permite la minería metálica en El Salvador - La Prensa Gráfica,"Ley General de Minería Metálica fue publicada este 10 de enero en el Diario Oficial de fecha 23 de diciembre de 2024, cuando fue aprobada la ...",https://www.laprensagrafica.com/elsalvador/Bukele-sanciona-ley-que-permite-la-mineria-metalica-en-El-Salvador-20250110-0065.html,,
2025-01-13 01:00:07+00:00,['El Salvador minería'],elsalvador.com,Bukele sancionó ley de Minería Metálica el mismo día que la Asamblea la aprobó,"Con esta ley volverán a permitirse de manera plena todas las actividades relacionadas con la minería metálica, que fue prohibida por El Salvador en ...",https://www.elsalvador.com/noticias/nacional/bukele-sanciono-ley-mineria-metalica-mismo-dia-que-asamblea-la-aprobo/1193161/2025/,,
2025-01-13 01:00:07+00:00,['El Salvador minería'],diario.elmundo.sv,Bukele sancionó la Ley de Minería Metálica e inició vigencia el 7 de enero,"El presidente de El Salvador, Nayib Bukele, sancionó el lunes 23 de diciembre de 2024 la Ley General de Minería Metálica, por lo cual derogatoria ...",https://diario.elmundo.sv/politica/bukele-sanciona-ley-de-mineria-metalica-e-inicia-vigencia-el-7-de-enero,,
2025-01-13 01:00:07+00:00,['El Salvador minería'],sv.boell.org,"¿Minería Metálica en El Salvador?: Un Análisis Crítico de Reservas, Métodos y Promesas ...",El cianuro es un extractante (también llamado lixiviante) tan eficaz que puede extraer cantidades microscópicas de oro de una gran cantidad de mineral ...,https://sv.boell.org/es/2025/10/1/¿Minería Metálica en El Salvador?-Un-Análisis-Crítico,,
2025-02-16 01:00:07+00:00,['El Salvador minería'],elsalvador.com,La minería - Noticias de El Salvador - El Diario de Hoy,El Diario de Hoy · Suscribirme · EPAPER Donald Trump|Fotomultas|Minería|Torneo Clausura 2025|Espectáculos. Caricatura de Alecus. La minería. Por ...,https://www.elsalvador.com/opinion/caricaturas/alecus/caricatura-de-alecus-mineria-medio-ambiente/1200333/2025/,,
2025-02-16 01:00:07+00:00,['El Salvador minería'],elsalvador.com,"Capturan a Eugenio Chicas, en medio de cuestionados procesos judiciales","... minería y en defensa del agua. “No descartamos que su captura ... El Salvador (CICIES), un organismo para investigar la corrupción estatal.",https://www.elsalvador.com/noticias/nacional/captura-eugenio-chicas-cuestionados-procesos-judiciales/1200351/2025/,,
2025-02-16 01:00:07+00:00,['El Salvador minería'],lapagina.com.sv,Nayib Bukele y Michael Saylor discuten sobre el futuro de Bitcoin en El Salvador,"Presidente Bukele anuncia primeras pruebas de minería de Bitcoin a través de energía volcánica viernes, 1 octubre 2021 9:33 AM En «Nacionales ...",https://lapagina.com.sv/nacionales/nayib-bukele-y-michael-saylor-discuten-sobre-el-futuro-de-bitcoin-en-el-salvador/,,
2025-02-16 01:00:07+00:00,['El Salvador minería'],diario.elmundo.sv,Diputados citarán a directora de Oficina de Bitcoin en estudio de Ley de Inteligencia Artificial,"... Minas, Daniel Álvarez, para escuchar sus opiniones sobre el proyecto ... Ante el acuerdo de El Salvador con el Fondo Monetario Internacional ...",https://diario.elmundo.sv/politica/diputados-citaran-a-directora-de-oficina-de-bitcoin-en-estudio-de-ley-de-inteligencia-artificial,,
2025-02-10 01:00:08+00:00,['El Salvador minería'],elsalvador.com,Minería en Israel y El Salvador - El Diario de Hoy,"Minería en Israel y El Salvador. Israel puede darse el lujo de permitir la explotación minera, por el nivel de transparencia de los contratos entre el ...",https://www.elsalvador.com/opinion/editoriales/mineria-/1199136/2025/,,
2025-02-10 01:00:08+00:00,['El Salvador minería'],laprensagrafica.com,Pegan afiche contra la minería en estatua de Jorge Mágico González - La Prensa Gráfica,Varias agrupaciones sociales han difundido rótulos contra la minería en diferentes zonas de El Salvador.,https://www.laprensagrafica.com/elsalvador/Pegan-afiche-contra-la-mineria-en-estatua-de-Jorge-Magico-Gonzalez-20250208-0032.html,,
2025-02-10 01:00:08+00:00,['El Salvador minería'],laprensagrafica.com,Gobierno salvadoreño busca crear agencia para regular la inteligencia artificial,El Salvador planea crear una agencia nacional para regular e impulsar la inteligencia artificial ... Pegan afiche contra la minería en estatua ...,https://www.laprensagrafica.com/elsalvador/Gobierno-salvadoreno-busca-crear-agencia-para-regular-la-inteligencia-artificial--20250208-0040.html,,
2025-02-10 01:00:08+00:00,['El Salvador minería'],revistafactum.com,Cárcel City: la absurda oferta de El Salvador a Estados Unidos - Revista Factum,"Trump, Bukele y Maduro: ¿Quién ganará la carrera de los tiranos? por Jessica Ávalos · #Minería #Nuevas Ideas #SLM · Tres cosas que pasaron mientras ...",https://www.revistafactum.com/slm-carcel-city/,,
2025-01-04 01:17:15+00:00,['El Salvador minería'],elsalvador.com,La amenaza del impacto ambiental de la minería causa temor en San Isidro,"La reciente aprobación de la Ley de minería metálica en El Salvador, anunciada con entusiasmo por el presidente Nayib Bukele a través de sus redes ...",https://www.elsalvador.com/noticias/nacional/la-amenaza-del-impacto-ambiental-de-mineria-causa-temor-en-san-isidro/1191210/2025/,,
2025-01-04 01:17:15+00:00,['El Salvador minería'],elsalvador.com,"""Se ha pasado por encima de la voluntad de los salvadoreños"": Pastor Mario Vega","El pastor Vega enfatizó que ""no es cierto"" lo que aduce el presidente Bukele, al impulsar la minería, de que en El Salvador haya el ""triple de la ...",https://www.elsalvador.com/noticias/nacional/mineria-el-salvador-medio-ambiente-ministerio-de-nayib-bukele-diputados-/1191391/2025/,,
2025-01-04 01:17:15+00:00,['El Salvador minería'],diario.elmundo.sv,Sacerdote ve posibles “consecuencias canónicas” para diputados por la minería,El sacerdote católico Juan Vicente Chopin aseguró que es una “posibilidad” que la Conferencia Episcopal de El Salvador (CEDES) emita un decreto ...,https://diario.elmundo.sv/politica/sacerdote-ve-posibles-consecuencias-canonicas-para-diputados-por-la-mineria,,
2025-01-04 01:17:15+00:00,['El Salvador minería'],laprensagrafica.com,Denuncian muerte de un empleado de la PDDH que había sido despedido en diciembre,El SalvadorJudicialPresupuesto General de la Nación. Denuncian muerte de ... Manifestaron que Minero estaba enfermo pero con el despido “entró ...,https://www.laprensagrafica.com/elsalvador/Denuncian-muerte-de-un-empleado-de-la-PDDH-que-habia-sido-despedido-en-diciembre-20250102-0053.html,,
2024-12-28 01:43:21+00:00,['El Salvador minería'],laprensagrafica.com,Presidencia se declara incompetente de informar sobre estudios de minería en El Salvador,Presidencia reporta no tener estudios que respalden la minería metálica en El Salvador. Avatar de Laura Jordán. Por Laura Jordán. 26 de Diciembre de ...,https://www.laprensagrafica.com/elsalvador/Presidencia-se-declara-incompetente-de-informar-sobre-estudios-de-mineria-en-El-Salvador-20241226-0026.html,,
2024-12-28 01:43:21+00:00,['El Salvador minería'],laprensagrafica.com,"El Salvador enfrenta retos para extraer oro y plata después de fallos contra mineras, según experto",El experto que defendió a El Salvador en litigios internacionales contra empresas mineras habla con la VOA sobre los riesgos que enfrenta la ...,https://www.laprensagrafica.com/elsalvador/El-Salvador-enfrenta-retos-para-extraer-oro-y-plata-despues-de-fallos-contra-mineras-segun-experto-20241227-0041.html,,
2024-12-28 01:43:21+00:00,['El Salvador minería'],elsalvador.com,Ley de minería metálica no obliga destinar ganancias en restauración ambiental,"Riesgo ambiental. Enfatizan que El Salvador no tiene las condiciones para la minería metálica. ""Aunque en los considerandos de la ley habla de la ...",https://www.elsalvador.com/noticias/nacional/ley-mineria-metalica-no-obliga-destinar-ganancias-en-restauracion-ambiental/1189980/2024/,,
2024-12-28 01:43:21+00:00,['El Salvador minería'],lapagina.com.sv,Diciembre registra 26 días consecutivos sin homicidios en el país - Diario La Página,... El Salvador se consolida como el país más seguro del hemisferio occidental. ... minera fue impuesta no se consulto al pueblo. 0. 0. Responder.,https://lapagina.com.sv/nacionales/diciembre-registra-26-dias-consecutivos-sin-homicidios/,,
2025-03-25 01:00:27+00:00,['El Salvador minería'],laprensagrafica.com,Los pueblos de El Salvador que se resisten a la minería - La Prensa Gráfica,Potonico y San Antonio Los Ranchos forman parte de los 14 distritos en la mira del gobierno para extraer el oro de sus tierras.,https://www.laprensagrafica.com/elsalvador/Los-pueblos-de-El-Salvador-que-se-resisten-a-la-mineria-20250320-0027.html,,
2025-03-25 01:00:27+00:00,['El Salvador minería'],laprensagrafica.com,"Decenas de salvadoreños se manifiestan contra la minería y su ""impacto nocivo""","Noticias de El Salvador y el mundo: actualidad, última hora, política, economía, judicial, espectáculos, deportes, videos y más.",https://www.laprensagrafica.com/Decenas-de-salvadorenos-se-manifiestan-contra-la-mineria-y-su-impacto-nocivo-vy202503230001.html,,
2025-03-25 01:00:27+00:00,['El Salvador minería'],diario.elmundo.sv,Afectados de Cosavi se unen a protesta contra la minería metálica frente a la BINAES,"La protesta entre el Palacio Nacional y la Biblioteca Nacional de El Salvador, Binaes, en el Centro Histórico de San Salvador. / EFE. Monseñor Neftalí ...",https://diario.elmundo.sv/nacionales/afectados-de-cosavi-se-unen-a-protesta-contra-la-mineria-metalica-frente-a-la-binaes,,
2025-03-25 01:00:27+00:00,['El Salvador minería'],elsalvador.com,Informe de Red internacional advierte obstrucción al espacio cívico en El Salvador,"... minería metálica en la zona”, consigna el informe de la Red. NO SE PIERDA: Captura de Fidel Zavala responde a su denuncia sobre torturas, dice ...",https://www.elsalvador.com/noticias/nacional/informe-red-internacional-advierte-obstruccion-espacio-civil-en-el-salvador/1207833/2025/,,
2025-02-23 01:00:08+00:00,['El Salvador minería'],elsalvador.com,Empresa turca está interesada en minería en El Salvador - El Diario de Hoy,Una empresa de Turquía que se dedica al negocio de minería y de metales preciosos expresó su interés por explorar una oportunidad comercial en El ...,https://www.elsalvador.com/noticias/negocios/empresa-turca-esta-interesada-en-mineria-el-salvador/1201790/2025/,,
2025-02-23 01:00:08+00:00,['El Salvador minería'],elsalvador.com,Empresarios de Turquía exploran nuevos negocios en El Salvador - El Diario de Hoy,"... el de energía, tecnología, activos digitales y minería. VER: Empresa turca operará puertos Acajutla y La Unión por 50 años con inversión de $1,615 ...",https://www.elsalvador.com/noticias/negocios/empresarios-de-turquia-exploran-nuevos-negocios-en-el-salvador/1201784/2025/,,
2025-02-23 01:00:08+00:00,['El Salvador minería'],laprensagrafica.com,Exportación de energía de El Salvador se redujo un 54% durante 2024 - La Prensa Gráfica,"En 2023, el gobierno destacó que El Salvador se había consolidado como el ... minas (DGEHM) reconoció esta semana que El Salvador tuvo que cerrar ...",https://www.laprensagrafica.com/economia/Exportacion-de-energia-de-El-Salvador-se-redujo-un-54-durante--2024-20250221-0077.html,,
2025-02-23 01:00:08+00:00,['El Salvador minería'],diario.elmundo.sv,El Salvador participó en reunión para definir medidas de seguridad de la energía nuclear,"... El Salvador”, reaccionó también en redes sociales el director de Energía, Hidrocarburos y Minas, Daniel Álvarez. A medida que El Salvador avanza ...",https://diario.elmundo.sv/economia/el-salvador-participo-en-reunion-para-definir-medidas-de-seguridad-de-la-energia-nuclear,,
2025-03-09 01:00:05+00:00,['El Salvador minería'],elsalvador.com,La Libertad Sur modificó disposiciones del uso del suelo en Santa Tecla - El Diario de Hoy,Entre las prohibiciones a las zonas de riesgo geológico está la descarga de desechos y contaminantes y obras de explotación minera de piedra o ...,https://www.elsalvador.com/noticias/nacional/la-libertad-sur-modifico-disposiciones-del-uso-suelo-en-santa-tecla/1204884/2025/,,
2025-03-09 01:00:05+00:00,['El Salvador minería'],elsalvador.com,"""El gobierno se comprometió a no acumular Bitcoins"", afirma portavoz del FMI",EPAPER Donald Trump|Fotomultas|Minería|Torneo Clausura 2025|Espectáculos ... el acuerdo con El Salvador. Kozack respondió que el programa financiero ...,https://www.elsalvador.com/noticias/negocios/bitcoin-fmi-nayib-bukele-el-salvador-/1204770/2025/,,
2025-03-09 01:00:05+00:00,['El Salvador minería'],diario.elmundo.sv,Agencias deberán garantizar confidencialidad de datos al contratar uso de nube para ...,"Para Mineros, estos cambios en la infraestructura de datos deberían transparentarse al ... © Copyright EL MUNDO | Noticias de El Salvador y el mundo.",https://diario.elmundo.sv/politica/agencias-deberan-garantizar-confidencialidad-de-datos-al-contratar-uso-de-nube-para-historial-crediticio-segun-bcr-y-ssf,,
2025-03-09 01:00:05+00:00,['El Salvador minería'],laprensagrafica.com,Sindicatos de salud alertan de más despidos - La Prensa Gráfica,"ALAMES El Salvador y SITRASALUD dijeron que el personal médico ha denunciado amenazas de nuevos despidos este mes. La situación, dijeron, pone a ...",https://www.laprensagrafica.com/elsalvador/Sindicatos-de-salud-alertan-de-mas-despidos-20250307-0076.html,,
2025-03-10 01:00:06+00:00,['El Salvador minería'],elsalvador.com,"""¡No somos mercancía, no a la minería!"", salvadoreñas conmemoran Día Internacional de la Mujer",La marcha llegó hasta la Plaza del Divino Salvador del Mundo. |Foto EDH / Miguel Lemus; En la plaza ofrecieron declaraciones a los medios de ...,https://www.elsalvador.com/fotogalerias/mineria-dia-de-la-mujer-derechos-humanos-conmemoraciones/1205135/2025/,,
2025-03-10 01:00:06+00:00,['El Salvador minería'],elsalvador.com,¿Se necesita ser experto para opinar? - El Diario de Hoy,"Las falacias en torno a los beneficios de la minería serán cada vez más frecuentes en debates, publicidad y propaganda.",https://www.elsalvador.com/opinion/editoriales/mineria-/1205066/2025/,,
2025-03-10 01:00:06+00:00,['El Salvador minería'],laprensagrafica.com,Mujeres marchan en San Salvador para exigir el respeto a sus derechos,Las sombrillas se distinguían por los colores que usan las agrupaciones sociales en sus afiches contra la minería: negro y amarillo. Foto LPG: Alfredo ...,https://www.laprensagrafica.com/elsalvador/Mujeres-marchan-en-San-Salvador-para-exigir-el-respeto-a-sus-derechos-20250308-0012.html,,
2025-03-10 01:00:06+00:00,['El Salvador minería'],diario.elmundo.sv,Mujeres marchan para exigir derechos y en rechazo la violencia y la persecución obstétrica,"La Resistencia también marchó por los desalojos masivos de los vendedores en el centro histórico de San Salvador. Acoso. Durante la movilización, ...",https://diario.elmundo.sv/nacionales/mujeres-marchan-para-exigir-derechos-y-en-rechazo-la-violencia-y-la-persecucion-obstetrica,,
2025-02-24 01:00:09+00:00,['El Salvador minería'],elsalvador.com,La voz del pueblo - Noticias de El Salvador - El Diario de Hoy,"Así se confirma que en nuestro país, la voz del pueblo, como la de Dios, han sido silenciadas para mantener un proyecto minero donde para el ...",https://www.elsalvador.com/opinion/editoriales/mineria-/1202124/2025/,,
2025-02-24 01:00:09+00:00,['El Salvador minería'],ultimahora.sv,IAEA respalda a El Salvador en iniciativas de seguridad nuclear - Última Hora SV,"En el encuentro participó un equipo de la sección de Seguridad Nuclear de la IAEA, el director general de Energía, Hidrocarburos y Minas (DGEHM) ...",https://ultimahora.sv/iaea-respalda-a-el-salvador-en-iniciativas-de-seguridad-nuclear/,,
2025-02-24 01:00:09+00:00,['El Salvador minería'],elsalvador.com,Banco Santander ve riesgo de deshacer el acuerdo con el FMI - Noticias de El Salvador,"EPAPER Donald Trump|Fotomultas|Minería|Torneo Clausura 2025|Espectáculos ... Al inicio del análisis, el banco apunta a que El Salvador cumplirá ...",https://www.elsalvador.com/noticias/negocios/fmi-bitcoin-nayib-bukele-ministerio-de-hacienda-/1202002/2025/,,
2025-02-24 01:00:09+00:00,['El Salvador minería'],lapagina.com.sv,"Academias del Programa LaLiga, Valores y Oportunidad en La Paz recibieron implementos ...","El Instituto Nacional de los Deportes de El Salvador (INDES), en ... Minero de Mejía” y “Lucía de Villacorta”, de Zacatecoluca, donde solo ...",https://lapagina.com.sv/deportes/academias-del-programa-laliga-valores-y-oportunidad-en-la-paz-recibieron-implementos-deportivos/,,
2025-03-26 01:00:28+00:00,['El Salvador minería'],laprensagrafica.com,Organizaciones interponen demanda de inconstitucionalidad contra la minería respaldada ...,Organizaciones civiles y movimientos sociales de El Salvador presentaron este lunes una demanda de inconstitucionalidad en la Sala de lo ...,https://www.laprensagrafica.com/elsalvador/Organizaciones-interpondran-demanda-de-inconstitucionalidad-contra-la-mineria-junto-a-57000-firmas-20250324-0011.html,,
2025-03-26 01:00:28+00:00,['El Salvador minería'],elsalvador.com,Cientos protestan en rechazo a la minería en El Salvador y piden anular dicha ley,Diversas organizaciones de la sociedad civil marcharon para mostrar su rechazo a la minería y exigir la libertad de inocentes detenidos en el ...,https://www.elsalvador.com/fotogalerias/mineria-protestas-sociales-contaminacion-del-agua-escasez-de/1208303/2025/,,
2025-03-26 01:00:28+00:00,['El Salvador minería'],elsalvador.com,"""El agua vale más que el oro"", el reclamo de las organizaciones contra la minería","... minería en las gradas de la Biblioteca Nacional (BINAES), en el Centro de San Salvador. |Foto EDH / Miguel Lemus; El obispo, Neftalí Ruiz (derecha) ...",https://www.elsalvador.com/fotogalerias/mineria-protestas-sociales/1208146/2025/,,
2025-03-26 01:00:28+00:00,['El Salvador minería'],diario.elmundo.sv,"Con 59906 firmas, organizaciones piden declarar inconstitucional ley de minería metálica","El arzobispo de San Salvador, José Luis Escobar Alas, dijo que esperan que a través de esas firmas, ""el Señor va a mover voluntades"". Amalia López de ...",https://diario.elmundo.sv/politica/con-59906-firmas-organizaciones-piden-declarar-inconstitucional-ley-de-mineria-metalica,,
2025-03-28 01:00:11+00:00,['El Salvador minería'],elsalvador.com,ADES: La lucha es más difícil ahora que el gobierno impulsa la minería - El Diario de Hoy,"ADES Santa Marta lanzó su nueva campaña en defensa del agua, la salud y la alimentación frente a la amenaza de la extracción minera.",https://www.elsalvador.com/noticias/nacional/ades-lucha-es-mas-dificil-ahora-que-el-gobierno-impulsa-la-mineria/1208739/2025/,,
2025-03-28 01:00:11+00:00,['El Salvador minería'],laprensagrafica.com,Lanzan campaña contra la minería metálica en El Salvador - La Prensa Gráfica,"ADES, la Comunidad Santa Marta y organizaciones de defensa del agua expusieron que es necesaria la participación de la ciudadanía para pedir que ...",https://www.laprensagrafica.com/elsalvador/Lanzan-campana-contra-la-mineria-metalica-en-El-Salvador-20250326-0036.html,,
2025-03-28 01:00:11+00:00,['El Salvador minería'],laprensagrafica.com,Piden a la ONU verificar situación de veteranos y excombatientes detenidos en El Salvador,Aseguran que la criminalización de estas personas se debe a su lucha contra la minería metálica. En este mismo caso están siendo juzgados Fidel ...,https://www.laprensagrafica.com/elsalvador/Piden-a-la-ONU-verificar-situacion-de-veteranos-y-excombatientes-detenidos-en-El-Salvador-20250326-0050.html,,
2025-03-28 01:00:11+00:00,['El Salvador minería'],informatvx.com,"""San Romero y los dilemas éticos de la sociedad salvadoreña"" - Informa TVX","Fagoaga, destacó que El Salvador sigue siendo un país que prioriza el ... Minería Metálica». RECOMENDACIONES DEL EDITOR. La Secretaria de Seguridad ...",https://informatvx.com/san-romero-y-los-dilemas-eticos-de-la-sociedad-salvadorena/,,
2025-04-01 01:00:17+00:00,['El Salvador minería'],elsalvador.com,Organizaciones exigen restablecer prohibición de la minería metálica - El Diario de Hoy,"Diversas organizaciones y sectores sociales reiteran su demanda para que se restablezca la Ley de Prohibición de la minería metálica en El Salvador, ...",https://www.elsalvador.com/noticias/nacional/organizaciones-exigen-restablecer-prohibicion-de-mineria-metalica/1209539/2025/,,
2025-04-01 01:00:17+00:00,['El Salvador minería'],revistafactum.com,La brutalidad es la nueva normalidad - Revista Factum,El gobernante de El Salvador no solo administra la libertad de sus ... La obsesión de Bukele con la minería y con su popularidad. por Jessica ...,https://www.revistafactum.com/editorial-brutalidad/,,
2025-04-01 01:00:17+00:00,['El Salvador minería'],elsalvador.com,Banco Mundial aprobó préstamo a El Salvador para energía geotérmica - El Diario de Hoy,EPAPER Donald Trump|Fotomultas|Minería|Torneo Clausura 2025|Espectáculos. Banco Mundial aprobó préstamo a El Salvador para energía geotérmica. LAGEO ...,https://www.elsalvador.com/noticias/nacional/prestamos-bm-birf-cel-energias-renovables-energia-geotermica/1209456/2025/,,
2025-04-01 01:00:17+00:00,['El Salvador minería'],diariolahuella.com,Reducción histórica de homicidios en El Salvador tras las medidas de seguridad ...,Esta reducción histórica es el resultado de las medidas implementadas por el gobierno en su lucha contra la criminalidad. El presidente Nayib Bukele ...,https://www.diariolahuella.com/reduccion-historica-de-homicidios-en-el-salvador-tras-las-medidas-de-seguridad-implementadas-por-el-gobierno/,,
2025-03-12 01:00:06+00:00,['El Salvador minería'],laprensagrafica.com,Salvadoreñas protestan en contra de la minería y de la violencia en el Día de la Mujer,El Salvador jugará contra Pachuca en la fecha FIFA de marzo. 06 de Marzo de 2025 19:11 hs - GMT-6. Ver más videos.,https://www.laprensagrafica.com/Salvadorenas-protestan-en-contra-de-la-mineria-y-de-la-violencia-en-el-Dia-de-la-Mujer-vy202503100002.html,,
2025-03-12 01:00:06+00:00,['El Salvador minería'],elsalvador.com,"El Salvador debe mejorar lucha contra lavado de dinero, según FMI - El Diario de Hoy",EPAPER Donald Trump|Fotomultas|Minería|Torneo Clausura 2025|Espectáculos ... El acuerdo de El Salvador con el Fondo Monetario Internacional (FMI) ...,https://www.elsalvador.com/noticias/nacional/lavado-dinero-fmi-el-salvador/1205000/2025/,,
2025-03-12 01:00:06+00:00,['El Salvador minería'],laprensagrafica.com,Jóvenes que ingresan a la UES tienen problemas de lectoescritura - La Prensa Gráfica,"Los jóvenes que ingresan a la Universidad de El Salvador (UES) presentan problemas de lectoescritura, dijo este lunes la vicerrectora académica de la ...",https://www.laprensagrafica.com/elsalvador/Jovenes-que-ingresan-a-la-UES-tienen-problemas-de-lectoescritura-20250310-0068.html,,
2025-02-26 01:00:55+00:00,['El Salvador minería'],informatvx.com,Inicia primer ciclo de conferencias sobre minería en El Salvador - Informa TVX,... el impacto de la minería en El Salvador. El evento fue moderado por el antropólogo Marvin Aguilar y contó con la intervención de diversos ...,https://informatvx.com/inicia-primer-ciclo-de-conferencias-sobre-mineria-y-medio-ambiente-en-el-salvador/,,
2025-02-26 01:00:55+00:00,['El Salvador minería'],elsalvador.com,San Isidro conmemoró a ambientalistas asesinados en 2009 - El Diario de Hoy,Habitantes de San Isidro organizaron este domingo por la mañana una actividad contra la minería metálica en El Salvador y conmemoraron los asesinatos ...,https://www.elsalvador.com/noticias/nacional/san-isidro-conmemoro-ambientalistas-asesinados-2009/1202352/2025/,,
2025-02-26 01:00:55+00:00,['El Salvador minería'],laprensagrafica.com,El oro envenenado - La Prensa Gráfica,"Hace unos años, El Salvador logró una victoria que ningún otro país había alcanzado: la prohibición total de la minería metálica. No fue un capricho ...",https://www.laprensagrafica.com/opinion/El-oro-envenenado-20250221-0087.html,,
2025-02-26 01:00:55+00:00,['El Salvador minería'],laprensagrafica.com,Ambientalistas salvadoreños son homenajeados tras ser asesinados por oponerse a ...,"... de San Isidro, en el norte de El Salvador, a un grupo de ambientalistas asesinados hace más de una década por oponerse a proyectos mineros.",https://www.laprensagrafica.com/Ambientalistas-salvadorenos-son-homenajeados-tras-ser-asesinados-por-oponerse-a-proyectos-mineros-vy202502240001.html,,
2025-02-25 01:00:17+00:00,['El Salvador minería'],elsalvador.com,"Realizan actividad contra la minería en San Isidro, Cabañas - El Diario de Hoy",... minera en El Salvador. FR-No Minería- Protesta- San Isidro-Carteles- Atrio- Iglesia.,https://www.elsalvador.com/noticias/nacional/mineria-san-isidro-protestas-sociales/1202252/2025/,,
2025-02-25 01:00:17+00:00,['El Salvador minería'],laprensagrafica.com,Homenajean a ambientalistas asesinados en El Salvador por oponerse a proyectos mineros,"... mineros, este domingo en San Isidro (El Salvador) EFE/ Rodrigo Sura ... minería"", dado que los ambientalistas asesinados en 2009 ""eran ...",https://www.laprensagrafica.com/elsalvador/Homenajean-a-ambientalistas-asesinados-en-El-Salvador-por-oponerse-a-proyectos-mineros-20250223-0036.html,,
2025-02-25 01:00:17+00:00,['El Salvador minería'],diario.elmundo.sv,Activistas protestan contra minería metálica y conmemoran a víctimas en Cabañas,... el asesinato de cuatro miembros de dicha comunidad que protestaban contra la explotación minera en El Salvador. “Estamos conmemorando a las ...,https://diario.elmundo.sv/nacionales/activistas-protestan-contra-mineria-metalica-y-conmemoran-a-victimas-en-cabanas,,
2025-02-25 01:00:17+00:00,['El Salvador minería'],elsalvador.com,Capturan en Guatemala a dos salvadoreños que llevaban dinero - Noticias de El Salvador,EPAPER Donald Trump|Fotomultas|Minería|Torneo Clausura 2025|Espectáculos ... Capturados El Salvador Guatemala Marihuana Sucesos Ver Comentarios ...,https://www.elsalvador.com/noticias/nacional/capturados-guatemala-el-salvador-marihuana/1202268/2025/,,
2025-03-11 01:00:16+00:00,['El Salvador minería'],revistafactum.com,Una mentira entre el dólar y el bitcoin - Revista Factum,"El Salvador no se convirtió en el Silicon Valley del bitcoin, ni sus ... ##Economía #Minería #Nayib Bukele · Una ilusión. por Revista Factum.",https://www.revistafactum.com/editorial-mentira-bitcoin/,,
2025-03-11 01:00:16+00:00,['El Salvador minería'],diario.elmundo.sv,Destituyen a Chicas como alcalde de San Salvador Este y nombran a regidor como edil en funciones,El Concejo Municipal del municipio de San Salvador Este destituyó la ... minería metálica en El Salvador. Aniversario. EL MUNDO. Noticias de El ...,https://diario.elmundo.sv/politica/destituyen-a-chicas-como-alcalde-de-san-salvador-este-y-nombran-a-regidor-como-edil-en-funciones,,
2025-03-11 01:00:16+00:00,['El Salvador minería'],elsalvador.com,Bukele retrocede y afirma que no cerrarán Chivo Pets - El Diario de Hoy,EPAPER Donald Trump|Fotomultas|Minería|Torneo Clausura 2025|Espectáculos ... el anuncio del cierre. KEYWORDS. Chivo Pets Empresa Chivo FMI Nayib ...,https://www.elsalvador.com/noticias/nacional/chivo-pets-empresa-nayib-bukele-fmi-/1205287/2025/,,
2025-03-27 01:00:12+00:00,['El Salvador minería'],diario.elmundo.sv,Organizaciones advierten medidas internacionales si Sala no declara institucional ley de ...,"... minería metálica en El Salvador. ""Si la Sala no resuelve vamos a acudir a instancias internacionales; por eso hemos venido, para evidenciar este ...",https://diario.elmundo.sv/politica/organizaciones-advierten-medidas-internacionales-si-sala-no-declara-institucional-ley-de-mineria-metalica,,
2025-03-27 01:00:12+00:00,['El Salvador minería'],elsalvador.com,La minería va en contra de la vida - El Diario de Hoy,"... minería, el gobierno no quiere escuchar. La población pide que el ... El Salvador es un país inapropiado para la industria minera. Las ...",https://www.elsalvador.com/opinion/editoriales/mineria-/1208534/2025/,,
2025-03-27 01:00:12+00:00,['El Salvador minería'],informatvx.com,"“Se está poniendo a prueba la independencia judicial, con esta demanda de ...","Sobre las intenciones de desarrollar la minería en El Salvador, el economista, detalló que en el departamento de Cabañas existe una empresa minera ...",https://informatvx.com/se-esta-poniendo-a-prueba-la-independencia-judicial-esta-demanda-de-inconstitucionalidad-de-la-ley-general-de-mineria-metalica/,,
2025-03-27 01:00:12+00:00,['El Salvador minería'],laprensagrafica.com,Aplicarán sanciones de entre $112 y $571.43 con nueva ordenanza municipal,El Salvador · Los pueblos de El Salvador que se resisten a la minería · El Salvador · Escuela del Caserío Zamora lleva 10 años a la espera de ...,https://www.laprensagrafica.com/amp/elsalvador/Aplicaran-sanciones-de-entre-112-y-571.43-con-nueva-ordenanza-municipal-20250325-0080.html,,
2025-03-31 01:00:16+00:00,['El Salvador minería'],revistafactum.com,La obsesión de Bukele con la minería y con su popularidad - Revista Factum,Jessica Ávalos y César Fagoaga conversan sobre el creciente rechazo a la minería en El Salvador y la insistencia del Gobierno de Nayib Bukele de ...,https://www.revistafactum.com/slm-grok/,,
2025-03-31 01:00:16+00:00,['El Salvador minería'],diario.elmundo.sv,Organizaciones dicen que el sistema judicial está “a prueba” tras la entrega de ... - Diario El Mundo,... minería metálica. Aniversario. EL MUNDO. Noticias de El Salvador y el mundo. Te contamos la historia libre y objetivamente para mantenerte informado ...,https://diario.elmundo.sv/nacionales/organizaciones-dicen-que-el-sistema-judicial-esta-a-prueba-tras-la-entrega-de-mas-de-59000-firmas-contra-de-la-mineria,,
2025-03-31 01:00:16+00:00,['El Salvador minería'],elsalvador.com,¿Por qué se involucran las iglesias en el tema de la minería? - El Diario de Hoy,... el esfuerzo para lograr la prohibición de la minería metálica en El Salvador. ... Según el relato del Génesis «Dios el Señor tomó al hombre y lo ...,https://www.elsalvador.com/opinion/editoriales/mineria-/1209390/2025/,,
2025-03-31 01:00:16+00:00,['El Salvador minería'],elsalvador.com,El mercado Cuscatlán funciona apenas al 40% de su capacidad - Noticias de El Salvador,EPAPER Donald Trump|Fotomultas|Minería|Torneo Clausura 2025|Espectáculos. El mercado Cuscatlán funciona apenas al 40% de su capacidad. Una fuente de ...,https://www.elsalvador.com/noticias/nacional/mercados-mercado-cuscatlan-alcaldia-de-san-salvador-centro-/1209302/2025/,,
2025-03-07 01:00:07+00:00,['El Salvador minería'],diario.elmundo.sv,Un río sin vida alimenta temores tras retorno de la minería a El Salvador - Diario El Mundo,Los defensores del medio ambiente temen que la minería contamine por ejemplo el río Lempa. Ambientalistas vigilan el río San Sebastián contaminado ...,https://diario.elmundo.sv/nacionales/un-rio-sin-vida-alimenta-temores-tras-retorno-de-la-mineria-a-el-salvador,,
2025-03-07 01:00:07+00:00,['El Salvador minería'],elsalvador.com,"Samson Mow señala a Bukele de ""desafiar"" al FMI por comprar más Bitcoin","""Hay un documento de 111 páginas que describe el acuerdo entre el FMI y el gobierno de El Salvador que les prohíbe explícitamente comprar o minar ...",https://www.elsalvador.com/noticias/negocios/bitcoin-nayib-bukele-fmi-el-salvador-/1204350/2025/,,
2025-03-07 01:00:07+00:00,['El Salvador minería'],laprensagrafica.com,Alcaldía capitalina prevé recoger 1000 toneladas de basura tras desalojo de vendedores,El SalvadorSocialAlcaldía de San Salvador ... Experto asegura que las ganancias de la minería metálica en El Salvador no serán suficientes para.,https://www.laprensagrafica.com/elsalvador/Alcaldia-capitalina-preve-recoger-1000-toneladas-de-basura-tras-desalojo-de-vendedores-20250305-0012.html,,
2025-03-07 01:00:07+00:00,['El Salvador minería'],elsalvador.com,Gobierno tomó el 54% de cotizaciones a pensiones entre julio y diciembre de 2024,"EPAPER Donald Trump|Fotomultas|Minería|Torneo Clausura 2025|Espectáculos ... LEA MÁS: Cuenta de Garantía Solidaria en El Salvador se agotará en 2027, ...",https://www.elsalvador.com/noticias/negocios/pensiones-el-salvador-deuda-publica-fmi/1204229/2025/,,
2025-03-01 01:00:08+00:00,['El Salvador minería'],elsalvador.com,Extracción de recursos rocosos en Quezaltepeque es clave para la fabricación de bloques,"""No extraemos ni una sola piedrita de ahí, nuestra mina parece una mina abandonada, las leyes están complicadas y a mi juicio el gobierno lejos de ...",https://www.elsalvador.com/noticias/nacional/quezaltepeque-extraccion-recursos-rocosos/1203154/2025/,,
2025-03-01 01:00:08+00:00,['El Salvador minería'],laprensagrafica.com,Your browser can't play this video. Learn more - La Prensa Gráfica,La Prensa Gráfica Noticias de El Salvador. 166K subscribers. Crece rechazo a la reactivación de la minería metálica en El Salvador. La Prensa ...,https://www.laprensagrafica.com/videos/video-embedded/2025/02/26/videoEmbedded_0001.lnk,,
2025-03-01 01:00:08+00:00,['El Salvador minería'],laprensagrafica.com,El Salvador se someterá a un programa con el FMI - La Prensa Gráfica,"Este permitirá desembolsar $1,400 millones al país, según el cumplimiento de las metas. La Asamblea Legislativa avaló la solicitud del financiamiento.",https://www.laprensagrafica.com/economia/El-FMI-aprueba-acuerdo-con-El-Salvador-por-1400-millones-20250226-0038.html,,
2025-03-01 01:00:08+00:00,['El Salvador minería'],laprensagrafica.com,Misión de agencia de energía atómica visitará El Salvador en mayo - La Prensa Gráfica,"... el director general de Energía, Hidrocarburos y Minas y presidente de la Comisión Hidroeléctrica del Río Lempa (CEL), Daniel Álvarez, este ...",https://www.laprensagrafica.com/economia/Mision-de-agencia-de-energia-atomica-visitara-El-Salvador-en-mayo-20250226-0099.html,,
2025-03-13 01:00:07+00:00,['El Salvador minería'],elsalvador.com,Comunidades presentan ordenanza para la protección del acuífero en San Juan Opico,"... el extractivismo inmobiliario en el Área Metropolitana de San Salvador, ejemplificada con la reactivación de la minería metálica. Sigue leyendo ...",https://www.elsalvador.com/noticias/nacional/comunidades-presentan-ordenanza-para-la-proteccion-del-acuifero-en-san-juan-opico/1205734/2025/,,
2025-03-13 01:00:07+00:00,['El Salvador minería'],laprensagrafica.com,"Creador de contenido para redes sociales denuncia acoso policial: ""hoy que rebalsó el ...","... minería. Este martes 11 de marzo denunció que agentes ... Varios aviones comerciales han sido nombrados ""El Salvador"" a lo largo de la historia ...",https://www.laprensagrafica.com/elsalvador/Creador-de-contenido-para-redes-sociales-denuncia-acoso-policial-20250311-0048.html,,
2025-03-13 01:00:07+00:00,['El Salvador minería'],elpais.com.sv,Minería de oro en Perú destruye tesoro invisible amazónico - Periódico EL Pais,"Por el Desarrollo Integral de El Salvador. Primary Menu. Inicio ... Pero hasta ahora no se había hecho un estudio a gran escala, como este, sobre el ...",https://elpais.com.sv/mineria-de-oro-en-peru-destruye-tesoro-invisible-amazonico/,,
2025-03-13 01:00:07+00:00,['El Salvador minería'],diario.elmundo.sv,Inicia vigencia de Ley de Fomento a Inteligencia Artificial en El Salvador - Diario El Mundo,"... Minas, Daniel Álvarez. Los diputados habían citado a la directora de la Oficina Nacional del Bitcoin en El Salvador, Stacy Herbert, pero ...",https://diario.elmundo.sv/politica/inicia-vigencia-de-ley-de-fomento-a-inteligencia-artificial-en-el-salvador,,
2025-03-14 01:00:06+00:00,['El Salvador minería'],elsalvador.com,El Salvador se prepara para recibir a más de 130 mil turistas en Semana Santa,EPAPER Donald Trump|Fotomultas|Minería|Torneo Clausura 2025|Espectáculos. El Salvador se prepara para recibir a más de 130 mil turistas en Semana ...,https://www.elsalvador.com/entretenimiento/turismo/ministerio-de-turismo-espera-recibir-135-mil-extranjeros-en-el-salvador-turistas-semana-santa-visitantes-internacionales/1205821/2025/,,
2025-03-14 01:00:06+00:00,['El Salvador minería'],elsalvador.com,Claudia Ortiz: “Hay una crisis fiscal y económica en el país. Estamos quebrados”,"EPAPER Donald Trump|Fotomultas|Minería|Torneo Clausura 2025|Espectáculos ... “(El Salvador) tiene deficiencias, dice el informe, estructurales, ...",https://www.elsalvador.com/noticias/nacional/claudia-ortiz-hay-una-crisis-fiscal-y-economica-en-el-pais-estamos-quebrados/1205827/2025/,,
2025-03-02 01:00:06+00:00,['El Salvador minería'],revistafactum.com,Fiscalía pide recapturar a los cinco líderes de la lucha antiminera en El Salvador,"Un mes después de que Nayib Bukele sancionara la Ley que reactivó la minería metálica en El Salvador, la Fiscalía General de la República (FGR), ...",https://www.revistafactum.com/fiscalia-santamarta/,,
2025-03-02 01:00:06+00:00,['El Salvador minería'],elfaro.net,"FMI lanza salvavidas de $1,400 millones a un El Salvador que desmanteló su sistema de ...","El Fondo Monetario Internacional anunció la aprobación de un fondo de $1,400 millones para El Salvador, que se desembolsará en un plazo de 40 ...",https://elfaro.net/es/202502/el_salvador/27759/fmi-lanza-salvavidas-de-1-400-millones-a-un-el-salvador-que-desmantelo-su-sistema-de-transparencia,,
2025-03-02 01:00:06+00:00,['El Salvador minería'],elsalvador.com,FMI pide mayor transparencia para atraer inversión privada en El Salvador,EPAPER Donald Trump|Fotomultas|Minería|Torneo Clausura 2025|Espectáculos ... Tras la reunión del Directorio Ejecutivo sobre el acuerdo con El Salvador ...,https://www.elsalvador.com/noticias/negocios/fmi-nayib-bukele-transparencia-inversion-extranjera-/1203320/2025/,,
2025-03-02 01:00:06+00:00,['El Salvador minería'],elsalvador.com,"¡Ojalá, ojalá! - Noticias de El Salvador - El Diario de Hoy","EPAPER Donald Trump|Fotomultas|Minería|Torneo Clausura 2025|Espectáculos ... El Salvador ofrece, evento más publicitado fuera que dentro de ...",https://www.elsalvador.com/opinion/editoriales/balances-politicos-/1203466/2025/,,
2025-03-08 01:00:05+00:00,['El Salvador minería'],elsalvador.com,"""Un río teñido de rojo"": la herencia minera que envenena Santa Rosa de Lima",Recolectan en botellas el agua del río para llevar una muestra y enseñarla en sus comunidades. La Asociación de Mujeres Ambientalistas de El Salvador ...,https://www.elsalvador.com/noticias/nacional/rios-santa-rosa-de-lima-mineria-nayib-bukele-el-salvador/1204512/2025/,,
2025-03-08 01:00:05+00:00,['El Salvador minería'],elsalvador.com,"“Este río está muerto totalmente"": la herencia de la minería en Santa Rosa de Lima ...","El inicio de la minería en San Sebastián se remonta a 1904, pero se ... El Salvador, incluso exploraron una en El Paisnal, San Salvador Norte.",https://www.elsalvador.com/fotogalerias/noticias-fotogalerias/rios-mineria-santa-rosa-de-lima-san-sebastian-nayib-bukele-el-salvador/1204382/2025/,,
2025-03-08 01:00:05+00:00,['El Salvador minería'],laprensagrafica.com,"“Hay un saqueo masivo de agua, arena y piedra”: pobladores denuncian extracción del río Grande","... el sector del cantón Agua Zarca, de San Miguel. #SanMiguel ... Minería metálica no mejorará la situación económica de El Salvador, según encuesta ...",https://www.laprensagrafica.com/elsalvador/Hay-un-saqueo-masivo-de-agua-arena-y-piedra-pobladores-denuncian-extraccion-del-rio-Grande-20250306-0068.html,,
2025-03-08 01:00:05+00:00,['El Salvador minería'],informatvx.com,“El fuerte impacto del congelamiento de fondos de cooperación de Estados Unidos”: Fátima Ortiz,"... minería en el país y que afectaría al afluente. “Se estaba financiando ... al finalizar $14 millones, trabajado por Guatemala, Honduras y El Salvador.",https://informatvx.com/el-fuerte-impacto-del-congelamiento-de-fondos-de-cooperacion-de-estados-unidos-fatima-ortiz/,,
2025-03-30 01:00:10+00:00,['El Salvador minería'],laprensagrafica.com,Piden frenar la persecución contra activistas medioambientales en El Salvador y prohibir la ...,"Por tanto, exigimos al gobierno y a la legislatura actual restablecer la prohibición definitiva de la explotación minera, derogando la Ley General de ...",https://www.laprensagrafica.com/elsalvador/Piden-frenar-la-persecucion-contra-activistas-medioambientales-en-El-Salvador-y-prohibir-la-mineria-como-hace-ocho-anos-20250328-0051.html,,
2025-03-30 01:00:10+00:00,['El Salvador minería'],laprensagrafica.com,Evacúan a más de 200 personas por incendio en comercio privado de Santa Tecla,"Organizaciones ambientalistas y sociales hicieron un llamado de prohibir la minería metálica en El Salvador, · Piden frenar la persecución contra ...",https://www.laprensagrafica.com/elsalvador/Reportan-incendio-cerca-del-mercado-central-de-Santa-Tecla-20250328-0032.html,,
2025-03-30 01:00:10+00:00,['El Salvador minería'],elsalvador.com,"El mundo mira a El Salvador por abusos del régimen, el CECOT y venezolanos","EPAPER Donald Trump|Fotomultas|Minería|Torneo Clausura 2025|Espectáculos. El mundo mira a El Salvador por abusos del régimen, el CECOT y venezolanos.",https://www.elsalvador.com/noticias/nacional/derechos-humanos-estados-unidos-nayib-bukele-regimen-de-excepcion-donald-trump/1209045/2025/,,
2025-03-30 01:00:10+00:00,['El Salvador minería'],elsalvador.com,SNBX Innovation Summit aglutinó al sector de la innovación en Centroamérica,"EPAPER Donald Trump|Fotomultas|Minería|Torneo Clausura 2025|Espectáculos ... En el 2023, se lanzó la primera edición del SNBX Summit en El Salvador ...",https://www.elsalvador.com/noticias/negocios/grupo-agrisal-tecnologia-centroamerica-el-salvador-innovacion/1209107/2025/,,
2025-02-28 01:00:10+00:00,['El Salvador minería'],elsalvador.com,Minería afectará la disponibilidad del agua en la población asegura la UNES,"Lo anterior, en contraste, porque aunque en El Salvador llueve mucho, el agua no se infiltra en el subsuelo por la deforestación que existe, por el ...",https://www.elsalvador.com/noticias/nacional/mineria-consumo-de-agua-suministro-potable-conducciones-escasez-nayib-bukele-asamblea-/1202866/2025/,,
2025-02-28 01:00:10+00:00,['El Salvador minería'],laprensagrafica.com,Crece rechazo a la reactivación de la minería metálica en El Salvador - La Prensa Gráfica,"En El Salvador, crecen las protestas por la reactivación de la ley de minería. Organizaciones comunitarias, ambientales y sociales que se oponen a ...",https://www.laprensagrafica.com/Crece-rechazo-a-la-reactivacion-de-la-mineria-metalica-en-El-Salvador-vy202502260001.html,,
2025-02-28 01:00:10+00:00,['El Salvador minería'],laprensagrafica.com,"Lago de Güija presenta arsénico por minería, denuncia ambientalista - La Prensa Gráfica",Homenajean a ambientalistas asesinados en El Salvador por oponerse a proyectos mineros. González destacó que la situación del lago de Güija es un ...,https://www.laprensagrafica.com/elsalvador/Lago-de-Guija-presenta-arsenico-por-mineria-denuncia-ambientalista-20250226-0070.html,,
2025-02-28 01:00:10+00:00,['El Salvador minería'],diario.elmundo.sv,OIEA revisará en mayo los posibles lugares para instalar el primer reactor nuclear en El Salvador,"... el primer reactor nuclear, informó este miércoles la Dirección General de Energía, Hidrocarburos y Minas (DGEHM). Durante la entrevista Diálogo 21, el ...",https://diario.elmundo.sv/economia/oiea-revisara-en-mayo-los-posibles-lugares-para-instalar-el-primer-reactor-nuclear-en-el-salvador,,
2025-03-06 01:00:09+00:00,['El Salvador minería'],elfaro.net,Limpiar los ríos con las ganancias de la minería: la contradictoria promesa de Bukele,"El 83% de los ríos de El Salvador están en condiciones precarias, y 22 de cada 100 hogares carecen de agua por cañería. Aun así, los diputados ...",https://elfaro.net/es/202503/ef_tv/27768/limpiar-los-rios-con-las-ganancias-de-la-mineria-la-contradictoria-promesa-de-bukele,,
2025-03-06 01:00:09+00:00,['El Salvador minería'],laprensagrafica.com,CESTA: Ganancia del oro no revertirá la contaminación - La Prensa Gráfica,"Agregó que las operaciones mineras podrían afectar el río Lempa, principal fuente de agua para millones de personas en El Salvador. El ambientalista ...",https://www.laprensagrafica.com/elsalvador/CESTA-Ganancia-del-oro-no-revertira-la-contaminacion-20250304-0100.html,,
2025-03-06 01:00:09+00:00,['El Salvador minería'],laprensagrafica.com,Denuncian acoso a bienes de ADES Santa Marta y temen nuevos arrestos contra ...,El SalvadorJudicialMinería metálica. Denuncian acoso a bienes de ADES ... Varios detenidos durante el régimen de excepción son trasladados en Ilopango ( ...,https://www.laprensagrafica.com/elsalvador/Denuncian-acoso-a-bienes-de-ADES-Santa-Marta-y-temen-nuevos-arrestos-contra-defensores-del-medio-ambiente-20250304-0083.html,,
2025-03-06 01:00:09+00:00,['El Salvador minería'],elsalvador.com,Esto es lo que el gobierno revelará al FMI sobre el Bitcoin y Chivo - El Diario de Hoy,"EPAPER Donald Trump|Fotomultas|Minería|Torneo Clausura 2025|Espectáculos ... FMI aprueba acuerdo con El Salvador por $1,400 millones · Bitcoin ya no ...",https://www.elsalvador.com/noticias/negocios/bitcoin-fmi-chivo-wallet-empresa-nayib-bukele-/1204025/2025/,,
2025-03-05 01:00:06+00:00,['El Salvador minería'],elsalvador.com,FMI publica y hace oficial el acuerdo con El Salvador - El Diario de Hoy,EPAPER Donald Trump|Fotomultas|Minería|Torneo Clausura 2025|Espectáculos ... El Fondo Monetario Internacional (FMI) publicó este lunes el acuerdo con El ...,https://www.elsalvador.com/noticias/negocios/fmi-el-salvador-nayib-bukele-prestamos-/1204006/2025/,,
2025-03-05 01:00:06+00:00,['El Salvador minería'],diariolahuella.com,Conozca los nuevos precios de referencia de los combustibles - Diario La Huella,"La Dirección General de Energía, a Hidrocarburos y Minas (DGEHM) ... ETIQUETADO:CombustiblesEconomíaEl Salvadorprecios. Comparte esta noticia.",https://diariolahuella.com/conozca-los-nuevos-precios-de-referencia-de-los-combustibles/,,
2025-03-05 01:00:06+00:00,['El Salvador minería'],elsalvador.com,Disminuyen hasta $0.04 los precios de combustibles en la primera quincena de marzo 2025,"En el reporte de la Dirección General de Energía, Hidrocarburos y Minas ... Combustibles El Salvador Gasolina Precio De La Gasolina Sucesos Ver ...",https://www.elsalvador.com/noticias/nacional/gasolina-precio-de-la-combustibles-el-salvador/1203942/2025/,,
2025-03-05 01:00:06+00:00,['El Salvador minería'],diariolahuella.com,Anuncian nuevos precios de referencia de los combustibles - Diario La Huella,"La Dirección de Energía, Hidrocarburos y Minas (DGEHM) anunció ... El Salvador, de los pocos países de América Latina y el Caribe sin coronavirus ...",https://www.diariolahuella.com/anuncian-nuevos-precios-de-referencia-de-los-combustibles-4/,,
2025-02-27 01:01:06+00:00,['El Salvador minería'],elsalvador.com,"Obispo Neftalí Ruiz, sobre minería: “lo más importante es perder el miedo”",El líder religioso se ha convertido en uno de los rostros más visibles en la lucha contra la minería metálica. Actualmente es presidente del ...,https://www.elsalvador.com/noticias/nacional/mineria-san-isidro-nayib-bukele-iglesia-catolica/1202576/2025/,,
2025-02-27 01:01:06+00:00,['El Salvador minería'],diario.elmundo.sv,ASI: “¿Puede existir la minería con un impacto bien reducido ambientalmente hablando? Sí ...,Los industriales recordaron que las empresas en El Salvador ejecutan diversas estrategias para mantener la sostenibilidad y reducir el impacto ...,https://diario.elmundo.sv/economia/asi-puede-existir-la-mineria-con-un-impacto-bien-reducido-ambientalmente-hablando-si-es-posible,,
2025-02-27 01:01:06+00:00,['El Salvador minería'],laprensagrafica.com,“Nos daban asilo pero no podíamos huir de nuestra realidad”: Hermano de Ramiro Rivera ...,Homenajean a ambientalistas asesinados en El Salvador por oponerse a proyectos mineros ... “Estas muertes están impunes. A mí me duele cómo fue la ...,https://www.laprensagrafica.com/elsalvador/Nos-daban-asilo-pero-no-podiamos-huir-de-nuestra-realidad-hermano-de-Ramiro-Rivera-ambientalista-asesinado-en-2009-20250224-0086.html,,
2025-02-27 01:01:06+00:00,['El Salvador minería'],diario.elmundo.sv,Daniel Álvarez: en El Salvador “no se va a inhibir” la competencia en Inteligencia Artificial,"El director general de Energía, Hidrocarburos y Minas, Daniel Álvarez, aseguró este martes que la 'Ley de fomento de inteligencia y tecnologías', ...",https://diario.elmundo.sv/politica/daniel-alvarez-en-el-salvador-no-se-va-a-inhibir-la-competencia-en-inteligencia-artificial,,
2025-03-29 01:00:08+00:00,['El Salvador minería'],elsalvador.com,IA más usada por Bukele indica que la mayoría en El Salvador rechaza la minería,"En los últimos días, el presidente de El Salvador, Nayib Bukele, ha lanzado muchas preguntas a Grok, la herramienta de inteligencia artificial (IA) de ...",https://www.elsalvador.com/noticias/nacional/mineria-inteligencia-artificial-nayib-bukele-redes-sociales-/1208914/2025/,,
2025-03-29 01:00:08+00:00,['El Salvador minería'],elsalvador.com,Marina Nacional incauta 1.3 toneladas de cocaína en altamar - Noticias de El Salvador,"EPAPER Donald Trump|Fotomultas|Minería|Torneo Clausura 2025|Espectáculos ... al suroeste de la Bocana El Cordoncillo"", dijo el mandatario, Bukele.",https://www.elsalvador.com/noticias/nacional/droga-decomisada-costas-salvadorenas/1208884/2025/,,
2025-03-29 01:00:08+00:00,['El Salvador minería'],laprensagrafica.com,MOVIR piden la liberación de detenidos arbitrariamente a tres años del régimen de excepción,El Movimiento de Víctimas del Régimen (MOVIR) salió nuevamente a las calles para exigir la liberación de personas detenidas de forma arbitraria ...,https://www.laprensagrafica.com/MOVIR-piden-la-liberacion-de-detenidos-arbitrariamente-a-tres-anos-del-regimen-de-excepcion-vy202503270002.html,,
2025-03-29 01:00:08+00:00,['El Salvador minería'],lapagina.com.sv,Captan momento exacto en que un vehículo cae a un barranco en Cabañas,Un aparatoso accidente de tránsito ocurrió ayer en la colonia Las Minas ... © 2024 Diario La Página - Noticias de El Salvador. No Result. View All ...,https://lapagina.com.sv/nacionales/captan-momento-exacto-en-que-un-vehiculo-cae-a-un-barranco-en-cabanas/,,
2025-03-16 01:00:06+00:00,['El Salvador minería'],laprensagrafica.com,Inicia audiencia contra Fidel Zavala y 24 acusados en caso La Floresta - La Prensa Gráfica,"Fidel Zavala, vocero de la Unidad por la Defensa de Derechos Humanos y Comunitarios de El Salvador (Unidehc), mencionó que el proceso en su contra ...",https://www.laprensagrafica.com/Inicia-audiencia-contra-Fidel-Zavala-y-24-acusados-en-caso-La-Floresta-vy202503130003.html,,
2025-03-16 01:00:06+00:00,['El Salvador minería'],laprensagrafica.com,Domesticar la opinión pública se complica - La Prensa Gráfica,"Del bitcóin al tren del Pacífico, del tren al proyecto minero, de la búsqueda de oro al ofrecimiento penitenciario al gobierno de Trump y, de este ...",https://www.laprensagrafica.com/opinion/Domesticar-la-opinion-publica-se-complica-20250313-0048.html,,
2025-03-16 01:00:06+00:00,['El Salvador minería'],elsalvador.com,Fiscalía pide detención para 24 acusados del caso La Floresta - El Diario de Hoy,EPAPER Donald Trump|Fotomultas|Minería|Torneo Clausura 2025|Espectáculos ... El Tribunal Quinto contra el Crimen Organizado de San Salvador instaló el ...,https://www.elsalvador.com/noticias/nacional/fiscalia-pide-detencion-24-acusados-caso-la-floresta-terrenos/1206250/2025/,,
2025-03-16 01:00:06+00:00,['El Salvador minería'],diario.elmundo.sv,Afectados por insuficiencia renal demandan atención médica - Diario El Mundo,"Los manifestantes tenían carteles contra la minería, los agrotóxicos y el cultivo de caña de azúcar. ... © Copyright EL MUNDO | Noticias de El Salvador ...",https://diario.elmundo.sv/nacionales/afectados-por-insuficiencia-renal-demandan-atencion-medica,,
2025-03-15 01:00:06+00:00,['El Salvador minería'],elsalvador.com,Bitfinex es el origen del 100% del Bitcoin de la reserva de El Salvador - El Diario de Hoy,EPAPER Donald Trump|Fotomultas|Minería|Torneo Clausura 2025|Espectáculos. Bitfinex es el origen del 100% del Bitcoin de la reserva de El Salvador.,https://www.elsalvador.com/noticias/negocios/el-salvador-bitcoin-nayib-bukele-fmi/1205982/2025/,,
2025-03-15 01:00:06+00:00,['El Salvador minería'],diario.elmundo.sv,"Cambio de plataforma comercial genera ""inconvenientes"" en servicio de AES",La dirección de Hidrocarburos y Minas del Gobierno brindó un número ... © Copyright EL MUNDO | Noticias de El Salvador y el mundo. Todos los ...,https://diario.elmundo.sv/nacionales/cambio-de-plataforma-comercial-genera-inconvenientes-en-servicio-de-aes,,
2025-03-15 01:00:06+00:00,['El Salvador minería'],laprensagrafica.com,Temen por la vida de personas defensoras de derechos humanos detenidas en El Salvador,Las organizaciones aseguran que se les está imputando por su lucha contra la minería metálica.,https://www.laprensagrafica.com/elsalvador/Temen-por-la-vida-de-personas-defensoras-de-derechos-humanos-detenidas-en-El-Salvador-20250313-0035.html,,
2025-03-15 01:00:06+00:00,['El Salvador minería'],elsalvador.com,Comunidades piden al Ministro de Salud mejorar la atención a pacientes renales,"Otra de las peticiones que presentaron en el escrito es para exigir al Ministerio de Salud que se pronuncie en contra de la minería metálica. "" ...",https://www.elsalvador.com/noticias/nacional/comunidades-piden-al-ministro-de-salud-mejorar-la-atencion-a-pacientes-renales/1206145/2025/,,
2025-03-03 01:00:08+00:00,['El Salvador minería'],laprensagrafica.com,Los precios del gas sin cambios en marzo - La Prensa Gráfica,... Minas (DGEHM). ... ¿Está preparado el sector lechero salvadoreño? Karla Alfaro. · Ayer. El directorio del FMI aprobó el acuerdo con El Salvador el 26 de ...,https://www.laprensagrafica.com/economia/Los-precios-del-gas-sin-cambios-en-marzo-20250228-0107.html,,
2025-03-03 01:00:08+00:00,['El Salvador minería'],elsalvador.com,Madre salvadoreña suplica a Trump por su hijo indocumentado - Noticias de El Salvador,"EPAPER Donald Trump|Fotomultas|Minería|Torneo Clausura 2025|Espectáculos ... El Salvador y nunca ha viajado a ese país. Sin embargo, a sus 73 ...",https://www.elsalvador.com/noticias/nacional/inmigrantes-salvadorenos-en-el-exterior-remesas-familiares-estados-unidos-santa-rosa-de-lima-la-union-/1203467/2025/,,
2025-03-03 01:00:08+00:00,['El Salvador minería'],revistafactum.com,Los salvadoreños viven en una nueva cárcel - Revista Factum,El Salvador es el tercer país a nivel mundial que más retrocesos ha ... Un cerco militar alertó a la comunidad que resiste a la minería. por ...,https://www.revistafactum.com/slm-nueva-carcel/,,
2025-03-03 01:00:08+00:00,['El Salvador minería'],elsalvador.com,El Colegio Médico juramenta su nueva Junta Directiva 2025-2027 - Noticias de El Salvador,"El doctor Iván Solano fue reelecto para un nuevo periodo, en un contexto de desafíos para la salud pública.",https://www.elsalvador.com/noticias/nacional/colegio-medico-san-salvador-prevencion-de-enfermedades-y-habitos-salud/1203629/2025/,,
2025-03-17 01:00:06+00:00,['El Salvador minería'],elsalvador.com,Cuentos mineros - Noticias de El Salvador,"Cuentos mineros. En países en los que las empresas mineras realizan operaciones desde hace años, se han comprobado y cuantificado los daños ...",https://www.elsalvador.com/opinion/editoriales/mineria-/1206533/2025/,,
2025-03-17 01:00:06+00:00,['El Salvador minería'],elsalvador.com,Escuchar al pueblo - El Diario de Hoy,"Pero el discurso presidencial no ha variado, asegurando gran desarrollo con una minería responsable, y los terrenos mineros han sido cercados y ...",https://www.elsalvador.com/opinion/editoriales/mineria-/1206532/2025/,,
2025-03-17 01:00:06+00:00,['El Salvador minería'],revistafactum.com,Todo lo que sabemos gracias al salvavidas económico - Revista Factum,... del acuerdo del Fondo Monetario Internacional (FMI) con el Gobierno de El Salvador ... #Minería #Nuevas Ideas #SLM · Tres cosas que pasaron ...,https://www.revistafactum.com/slm-fmi-salvavidas/,,
2025-03-17 01:00:06+00:00,['El Salvador minería'],elpais.com.sv,Continuaran en la carcel 10 personas - Periódico EL Pais,El Tribunal Segundo Contra el Crimen Organizado de San Salvador decretó ... Minería de oro en Perú destruye tesoro invisible amazónico.,https://elpais.com.sv/continuaran-en-la-carcel-10-personas/,,
2025-03-18 01:01:03+00:00,['El Salvador minería'],diario.elmundo.sv,Iglesia católica entregará el martes a la Asamblea firmas para solicitar derogación de Ley de Minería,"El arzobispo de San Salvador, José Luis Escobar Alas, anunció que entregarán a la Asamblea Legislativa las firmas recolectadas para solicitar la ...",https://diario.elmundo.sv/nacionales/iglesia-catolica-entregara-el-martes-a-la-asamblea-firmas-para-solicitar-derogacion-de-ley-de-mineria,,
2025-03-18 01:01:03+00:00,['El Salvador minería'],revistafactum.com,El espectáculo más chivo - Revista Factum,... minería y que cada vez crecen más los reclamos contra el autoritarismo. ... el gobierno destituyó a José Chicas como alcalde de San Salvador Este.,https://www.revistafactum.com/espectaculo-chivo/,,
2025-03-18 01:01:03+00:00,['El Salvador minería'],elsalvador.com,Así llegó a El Salvador el primer grupo de pandilleros del Tren de Aragua (Imágenes exclusivas),"Los gobiernos de Estados Unidos y El Salvador, acordaron albergar a miembros de la pandilla venezolana ""Tren de Aragua"", a cambio de $6 millones.",https://www.elsalvador.com/fotogalerias/noticias-fotogalerias/estados-unidos-pandillas-venezuela-nayib-bukele/1206606/2025/,,
2025-03-18 01:01:03+00:00,['El Salvador minería'],laprensagrafica.com,Estados Unidos deporta a El Salvador a 238 presuntos miembros del Tren de Aragua,Salvadoreñas protestan en contra de la minería y de la violencia en el Día de la Mujer. 11 de Marzo de 2025 16:56 hs - GMT-6. Gobierno anuncia el ...,https://www.laprensagrafica.com/Estados-Unidos-deporta-a-El-Salvador-a-238-presuntos-miembros-del-Tren-de-Aragua-ve202503160002.html,,
2025-03-04 01:00:20+00:00,['El Salvador minería'],elsalvador.com,"El Hormiguero: entre el oro y la tragedia, testimonio de la minería salvadoreña","Al cerrar la mina, la mayoría de habitantes migraron a otros lugares en busca de empleo. ¿Por qué las zonas históricamente mineras de El Salvador no ...",https://www.elsalvador.com/noticias/nacional/mina-el-hormiguero-san-miguel-comacaran/1203640/2025/,,
2025-03-04 01:00:20+00:00,['El Salvador minería'],elsalvador.com,Organizaciones exigen la derogación de la Ley de Minería - El Diario de Hoy,"Según el Centro Salvadoreño de Tecnología Apropiada (CESTA), la minería a cielo abierto en El Salvador podría requerir el uso de hasta ocho toneladas ...",https://www.elsalvador.com/noticias/nacional/organizaciones-exigen-derogacion-mineria/1203785/2025/,,
2025-03-04 01:00:20+00:00,['El Salvador minería'],revistafactum.com,Un Estado contra sus ciudadanos - Revista Factum,"La justicia en El Salvador no agoniza: ha sido ejecutada. Y su restos ... minería, una industria que el gobierno reactivará a toda costa. Su ...",https://www.revistafactum.com/editorial-contra-ciudadanos/,,
2025-03-04 01:00:20+00:00,['El Salvador minería'],oudh.uca.edu.sv,Académicos exponen sobre los efectos de la minería en El Salvador - OUDH - UCA,"11/01/2025, Communication media, El Diario de Hoy (EDH ). Holder, Académicos exponen sobre los efectos de la minería en El Salvador. Summary, La ...",https://oudh.uca.edu.sv/cms/medios-de-prensa/fichas/25845?lang=en,,
2025-03-24 01:00:09+00:00,['El Salvador minería'],elsalvador.com,Sé todos los cuentos - Noticias de El Salvador - El Diario de Hoy,"Las mineras utilizan las falacias de manera intencional, con el propósito de engañar, sin tener una base lógica sólida. Si la población renuncia a ...",https://www.elsalvador.com/opinion/editoriales/mineria-/1207949/2025/,,
2025-03-24 01:00:09+00:00,['El Salvador minería'],elsalvador.com,"León Sigüenza, el canario que quiso ser tigre - Noticias de El Salvador - El Diario de Hoy",Tarjeta postal con vista de Tokio en la década de 1930. El cojutepecano León Sigüenza Mineros (1895-1942) se trasladó del puerto californiano de San ...,https://www.elsalvador.com/entretenimiento/cultura/leon-siguenza-el-canario-que-quiso-ser-tigre-historia-salvadorena/1207780/2025/,,
2025-03-24 01:00:09+00:00,['El Salvador minería'],sv.domiplay.net,"Informe de Minería, todos los audios - Domiplay","Encuentra los programas de radio y escucha los podcast grabados en El Salvador sobre Informe de Minería. Reproduce, escucha o descarga gratis los ...",https://sv.domiplay.net/temas/informe-de-mineria,,
2025-03-22 01:00:07+00:00,['El Salvador minería'],diario.elmundo.sv,Dos organizaciones presentarán el lunes demanda de inconstitucionalidad contra ley minera,"La Conferencia Episcopal de El Salvador presentó el martes en la Asamblea Legislativa 150,000 firmas de salvadoreños que apoyan la derogación de la ...",https://diario.elmundo.sv/politica/dos-organizaciones-presentaran-el-lunes-demanda-de-inconstitucionalidad-contra-ley-minera,,
2025-03-22 01:00:07+00:00,['El Salvador minería'],laprensagrafica.com,Lo que se presentó fueron más que firmas - La Prensa Gráfica,La manifestación de la grey católica —congruente con el mayoritario rechazo al proyecto minero que recogieron diversos estudios de opinión pública ...,https://www.laprensagrafica.com/opinion/Lo-que-se-presento-fueron-mas-que-firmas-20250319-0044.html,,
2025-03-22 01:00:07+00:00,['El Salvador minería'],elsalvador.com,Comité Monseñor Romero e iglesias progresistas denuncian violación a derechos humanos,"... Minería en El Salvador y piden a las autoridades su derogación. Durante una conferencia de prensa, el jueves, señalaron que el proyecto de la minería ...",https://www.elsalvador.com/noticias/nacional/comite-monsenor-romero-e-iglesias-progresistas-denuncian-violacion-a-derechos-humanos-/1207578/2025/,,
2025-03-22 01:00:07+00:00,['El Salvador minería'],diario.elmundo.sv,"Litio, cobalto, níquel, tierras raras... España busca relanzar su sector minero","... Minería y de la Metalurgia (Confedem), que espera que los obstáculos ... © Copyright EL MUNDO | Noticias de El Salvador y el mundo. Todos los ...",https://diario.elmundo.sv/economia/litio-cobalto-niquel-tierras-raras-espana-busca-relanzar-su-sector-minero,,
2025-02-22 01:00:09+00:00,['El Salvador minería'],elsalvador.com,Minería podría afectar la disponibilidad de agua en El Salvador - El Diario de Hoy,Expertos afirman que la minería vendría a deteriorar aún más la calidad de los recursos hídricos de El Salvador.,https://www.elsalvador.com/noticias/nacional/mineria-contaminacion-del-agua-rios/1201543/2025/,,
2025-02-22 01:00:09+00:00,['El Salvador minería'],elsalvador.com,"Descubren ""tapón"" de desechos en el Río Grande de San Miguel - El Diario de Hoy","También podría interesarle: Minería podría afectar la disponibilidad de agua en El Salvador. El alcalde municipal, Alex Torres, aseguró que se ...",https://www.elsalvador.com/noticias/nacional/basura-rio-grande-san-miguel-alcaldia-municipal-de-centro-/1201624/2025/,,
2025-02-22 01:00:09+00:00,['El Salvador minería'],laprensagrafica.com,Pobladores solicitan la pavimentación de vía al cantón Agua Zarca - La Prensa Gráfica,¿Cuánto creció el parque vehicular en El Salvador desde 2019 (y qué distrito tiene más vehículos)? · La estrategia que implementarán las plataformas ...,https://www.laprensagrafica.com/elsalvador/Pobladores-solicitan-la-pavimentacion-de-via-al-canton-Agua-Zarca-20250220-0027.html,,
2025-02-22 01:00:09+00:00,['El Salvador minería'],lapagina.com.sv,"El Salvador es el país de América Latina con el mayor crecimiento en turismo, según la ONU",... minera. Eventos como el Festival Internacional Cervantino convierten a la ciudad en un centro cultural durante todo el año. Los Cabos:Situado en ...,https://lapagina.com.sv/nacionales/el-salvqdor-es-el-pais-de-america-latina-con-el-mayor-crecimiento-en-turismo-segun-la-onu/,,
2025-02-21 01:00:08+00:00,['El Salvador minería'],elsalvador.com,Minera transnacional Titan confirma interés en El Salvador - El Diario de Hoy,"Blane Wilson, presidente de la minera estadounidense Titan Resources Ltd., conversó con El Diario de Hoy y dio detalles del interés de su empresa ...",https://www.elsalvador.com/noticias/nacional/mineria-industria-minera-gobierno-el-salvador-/1201147/2025/,,
2025-02-21 01:00:08+00:00,['El Salvador minería'],laprensagrafica.com,El agua no sirve ni siquiera para lavar la ropa - La Prensa Gráfica,Organizaciones proponen un solo bloque contra la minería metálica en El Salvador. Ferrufino también expresó preocupación por el desplazamiento de ...,https://www.laprensagrafica.com/elsalvador/El-agua-no-sirve-ni-siquiera-para-lavar-la-ropa-20250219-0069.html,,
2025-02-21 01:00:08+00:00,['El Salvador minería'],laprensagrafica.com,La inversión extranjera directa que atraen las políticas del gobierno de El Salvador,"... minera. La información conocida hasta ahora sugiere que el país está, de momento, más en la mira de inversiones extractivas y de aquellas que no ...",https://www.laprensagrafica.com/opinion/La-inversion-extranjera-directa-que-atraen-las-politicas-del-gobierno-de-El-Salvador-20250218-0071.html,,
2025-02-21 01:00:08+00:00,['El Salvador minería'],diario.elmundo.sv,"El Salvador aún no define combustible para energía nuclear, pero utilizará modulares pequeños","Las primeras alianzas para ejecutar la energía nuclear datan de marzo de 2023, cuando la Dirección General de Energía, Hidrocarburos y Minas ...",https://diario.elmundo.sv/economia/el-salvador-aun-no-define-combustible-para-energia-nuclear-pero-utilizara-modulares-pequenos,,
2025-03-21 01:01:09+00:00,['El Salvador minería'],laprensagrafica.com,Organizaciones presentarán demanda de inconstitucionalidad por ley de minería en El Salvador,"Organizaciones denunciaron hoy que la Ley General de Minería pone en riesgo el acceso al agua en El Salvador, además exigen transparencia y ...",https://www.laprensagrafica.com/elsalvador/Organizaciones-presentaran-demanda-de-inconstitucionalidad-por-ley-de-mineria-en-El-Salvador-20250319-0034.html,,
2025-03-21 01:01:09+00:00,['El Salvador minería'],elsalvador.com,Ciento cincuenta mil veces: ¡NO A LA MINERÍA! - El Diario de Hoy,"El Salvador tiene, una vez más, la oportunidad de reafirmar su compromiso con la vida y la justicia social, honrando la voluntad de su gente y las ...",https://www.elsalvador.com/opinion/editoriales/mineria-/1207298/2025/,,
2025-03-21 01:01:09+00:00,['El Salvador minería'],diario.elmundo.sv,Iglesia católica descarta sanciones a funcionarios que han promovido la minería en El Salvador,"El arzobispo de San Salvador, José Luis Escobar Alas, aseguró que la entrega de 150,000 firmas para derogar la ley minera es un ""llamado pacífico"" ...",https://diario.elmundo.sv/politica/iglesia-catolica-descarta-sanciones-a-funcionarios-que-han-promovido-la-mineria-en-el-salvador,,
2025-03-21 01:01:09+00:00,['El Salvador minería'],elsalvador.com,Lira: “Que no piense el gobierno que son solo estas 150000 firmas” - El Diario de Hoy,"... el hospital veterinario. FOTOS: 150,000 firmas contra la minería en El Salvador. “Aquí el mensaje no es para los diputados, el mensaje va directo a ...",https://www.elsalvador.com/noticias/nacional/francisco-lira-asamblea-mineria/1207254/2025/,,
2025-03-23 01:00:22+00:00,['El Salvador minería'],elsalvador.com,"País debe crecer el 5% de forma sostenida para dar salto de calidad, dice Daboud","EPAPER Donald Trump|Fotomultas|Minería|Torneo Clausura 2025|Espectáculos ... El Salvador no creció más allá del 3%, según el BCR. Foto EDH ...",https://www.elsalvador.com/noticias/negocios/el-salvador-economia-crecimiento-economico-pib/1207666/2025/,,
2025-03-23 01:00:22+00:00,['El Salvador minería'],elsalvador.com,"""Lógica incoherente"" - Noticias de El Salvador","El Salvador era el granero de Centroamérica, había cultivos de ... (porque de todo eso han habido proyectos), nos estamos peleando por la Minería ...",https://www.elsalvador.com/opinion/editoriales/guerra-civil-de-el-salvador-/1207796/2025/,,
2025-03-23 01:00:22+00:00,['El Salvador minería'],ultimahora.sv,"Avanza construcción de AirCity, la primera zona franca aeroportuaria de El Salvador","Ubicado junto al Aeropuerto Internacional de El Salvador, AirCity abarcará 532.271 metros cuadrados y generará 5,000 empleos. Escobar subrayó la ...",https://ultimahora.sv/avanza-construccion-de-aircity-la-primera-zona-franca-aeroportuaria-de-el-salvador/,,
2025-03-23 01:00:22+00:00,['El Salvador minería'],diariolahuella.com,El Salvador se posiciona internacionalmente como destino turístico y cultural,El Salvador ha sido reconocido por la ONU Turismo como uno de los destinos con mejor desempeño turístico a nivel global.,https://www.diariolahuella.com/el-salvador-se-posiciona-internacionalmente-como-destino-turistico-y-cultural/,,
2025-03-19 01:00:08+00:00,['El Salvador minería'],laprensagrafica.com,Iglesia católica entregará firmas a la Asamblea Legislativa para solicitar derogación de Ley ...,El SalvadorSocialArzobispo de San Salvador. Iglesia católica entregará ... minera en diferentes puntos del país. Ad. Salvadoreñas protestan ...,https://www.laprensagrafica.com/elsalvador/Iglesia-catolica-entregara-firmas-a-la-Asamblea-Legislativa-para-solicitar-derogacion-de-Ley-de-Mineria-20250316-0051.html,,
2025-03-19 01:00:08+00:00,['El Salvador minería'],elsalvador.com,Iglesia católica entregará firmas a la Asamblea para pedir derogación de la Ley de Minería,"El arzobispo de San Salvador, Monseñor José Luis Escobar Alas, dijo que este martes 18 de marzo entregarán a la Asamblea las firmas recolectadas.",https://www.elsalvador.com/noticias/nacional/catolicos-iglesia-catolica-mineria-asamblea/1206782/2025/,,
2025-03-19 01:00:08+00:00,['El Salvador minería'],lapagina.com.sv,Diputado Lira respalda a la Iglesia en rechazo a la minería metálica - Diario La Página,"... General de Minería Metálica en El Salvador. El pronunciamiento de Lira surgió tras el anuncio de la Arquidiócesis de San Salvador, que a través del ...",https://lapagina.com.sv/nacionales/diputado-lira-respalda-a-la-iglesia-en-rechazo-a-la-mineria-metalica/,,
2025-03-19 01:00:08+00:00,['El Salvador minería'],informatvx.com,"Iglesia católica entregará el próximo martes las firmas recolectadas, a la Asamblea ... - Informa TVX","El Arzobispo de San Salvador, José Luis Escobar Alas, anunció que ... minera en diferentes puntos del país, como Chalatenango, Cabañas y La Unión.",https://informatvx.com/iglesia-catolica-entregara-el-proximo-martes-las-firmas-recolectadas-a-la-asamblea-legislativa-pidiendo-la-derogacion-de-la-ley-de-la-mineria/,,
2025-03-20 01:00:07+00:00,['El Salvador minería'],laprensagrafica.com,Iglesia católica salvadoreña pide derogar Ley de Minería Metálica - La Prensa Gráfica,"El arzobispo de San Salvador, José Luis Escobar Alas, afirmó que la Iglesia había logrado recolectar 150 mil firmas de feligreses y allegados para ...",https://www.laprensagrafica.com/elsalvador/Iglesia-catolica-salvadorena-pide-derogar-Ley-de-Mineria-Metalica-20250318-0063.html,,
2025-03-20 01:00:07+00:00,['El Salvador minería'],elsalvador.com,FOTOS: 150000 firmas contra la minería en El Salvador - El Diario de Hoy,"Los obispos, liderados por el arzobispo de San Salvador, José Luis Escobar Alas, y el cardenal Gregorio Rosa Chávez, se acercaron hasta la ...",https://www.elsalvador.com/fotogalerias/noticias-fotogalerias/mineria-iglesia-catolica-asamblea/1207069/2025/,,
2025-03-20 01:00:07+00:00,['El Salvador minería'],diario.elmundo.sv,"Obispos entregan a la Asamblea 150,000 firmas para pedir derogar la minería metálica en ...",Todos los miembros de la Conferencia Episcopal de El Salvador (CEDES) en pleno y sacerdotes representativos de las diócesis entregaron la mañana ...,https://diario.elmundo.sv/politica/obispos-entregan-a-la-asamblea-150000-firmas-para-pedir-derogar-la-mineria-metalica-en-el-salvador,,
2025-03-20 01:00:07+00:00,['El Salvador minería'],laprensagrafica.com,Arzobispo de San Salvador entrega a la Asamblea Legislativa una carta con 150 mil firmas ...,"El arzobispo señaló que la iniciativa es ""por el bien de todos"", asegurando que si se da la extracción minera en El Salvador ""sería muy triste"" y ...",https://www.laprensagrafica.com/elsalvador/Arzobispo-de-San-Salvador-entrega-a-la-Asamblea-Legislativa-una-carta-con-150-mil-firmas-para-solicitar-derogacion-de-Ley-de-Mineria-20250318-0037.html,,
2025-02-11 01:00:51+00:00,['El Salvador minería'],laprensagrafica.com,Salvadoreños protestan contra la minería frente a la Biblioteca Nacional - La Prensa Gráfica,Medio Ambiente reserva cumplimiento de medidas de reparación sobre daños de minería en El Salvador · Ricardo Navarro de CESTA advirtió sobre los ...,https://www.laprensagrafica.com/elsalvador/Salvadorenos-protestan-contra-la-mineria-frente-a-la-Biblioteca-Nacional-20250209-0013.html,,
2025-02-11 01:00:51+00:00,['El Salvador minería'],elsalvador.com,"Juventud lideró ""plantón por la vida"" en contra de la minería - Noticias de El Salvador",Segundo plantón en contra de la Mineria en la fachada de la Binaes en el centro de San Salvador. ... Minería en El Salvador. Foto EDH/ Menly Gonzalez.,https://www.elsalvador.com/noticias/nacional/mineria-protestas-sociales-centro-historico-san-salvador-el/1199395/2025/,,
2025-02-11 01:00:51+00:00,['El Salvador minería'],lapagina.com.sv,Protesta contra la minería fracasa y deja manchados monumentos en San Salvador,"«Ubicado en el Anillo de Fuego del Pacífico, una de las zonas más ricas en recursos minerales gracias a su actividad volcánica (…), El Salvador tiene ...",https://lapagina.com.sv/nacionales/protesta-contra-la-mineria-fracasa-y-deja-manchados-monumentos-en-san-salvador/,,
2025-02-11 01:00:51+00:00,['El Salvador minería'],diario.elmundo.sv,Jóvenes frente a la BINAES piden prohibir la minería metálica en El Salvador,"Los jóvenes estudiantes advierten despojo de territorios a las comunidades por extracción minera. En la protesta frente a la BINAES, ...",https://diario.elmundo.sv/nacionales/jovenes-frente-a-la-binaes-piden-prohibir-la-mineria-metalica-en-el-salvador,,
2025-01-16 01:00:07+00:00,['El Salvador minería'],elsalvador.com,"Marcela Villatoro propuso derogar ley de minería, pero no tuvo apoyo de Nuevas Ideas","#ElSalvador | La diputada Marcela Villatoro, de ARENA, solicitó que se derogue la ley de minería metálica por ser inconstitucional al atentar contra ...",https://www.elsalvador.com/noticias/nacional/marcela-villatoro-propuso-derogar-ley-de-mineria-pero-no-tuvo-apoyo-nuevas-ideas/1193792/2025/,,
2025-01-16 01:00:07+00:00,['El Salvador minería'],laprensagrafica.com,Diputados oficialistas rechazan petición de diputada Marcela Villatoro para derogar ley de minería,El SalvadorPolíticaMinería metálica. Diputados oficialistas rechazan ... El Salvador y el tamaño del país. Puso de ejemplo que para poder la ...,https://www.laprensagrafica.com/elsalvador/Diputados-oficialistas-rechazan-peticion-de-diputada-Marcela-Villatoro-para-derogar-ley-de-mineria-20250114-0026.html,,
2025-01-16 01:00:07+00:00,['El Salvador minería'],diario.elmundo.sv,"Claudia Ortiz critica regulación ""muy amplia"" de sociedades de economía mixta para ...","... el artículo 6 de la Ley General de Minería, una figura con la cual el Estado junto a privados podrán realizar actividades de minería en El Salvador.",https://diario.elmundo.sv/politica/claudia-ortiz-critica-regulacion-muy-amplia-de-sociedades-de-economia-mixta-para-mineria-en-el-salvador,,
2025-01-16 01:00:07+00:00,['El Salvador minería'],diario.elmundo.sv,Marcela Villatoro pide derogar Ley de Minería Metálica: solo tres votos - Diario El Mundo,Dos diputados de Arena y la diputada de Vamos votaron por derogar la Ley de Minería Metálica en El Salvador. Votación de la solicitud de la ...,https://diario.elmundo.sv/politica/marcela-villatoro-pide-derogar-ley-de-mineria-metalica-solo-tres-votos,,
2025-01-30 01:00:07+00:00,['El Salvador minería'],laprensagrafica.com,"""La minería es la principal amenaza a la salud pública de nuestro país"": Iván Solano ...","El ambiente laboral en el sector salud es tóxico, dijo.""El ambiente laboral (en el sector salud de El Salvador) se ha vuelto sumamente tóxico"", dijo.",https://www.laprensagrafica.com/elsalvador/La-mineria-es-la-principal-amenaza-a-la-salud-publica-de-nuestro-pais-Colegio-Medico-advierte-sobre-enfermedades-causadas-por-la-mineria-en-El-Salvador-20250128-0024.html,,
2025-01-30 01:00:07+00:00,['El Salvador minería'],laprensagrafica.com,"""Que tenemos el 65% de oro en el planeta es pura ficción"": CESTA - La Prensa Gráfica",Experto señala que la explotación minera en El Salvador implicaría graves riesgos ambientales debido al uso intensivo de agua y químicos tóxicos ...,https://www.laprensagrafica.com/elsalvador/Que-tenemos-el-65-de-oro-en-el-planeta-es-pura-ficcion-segun-CESTA-20250127-0089.html,,
2025-01-30 01:00:07+00:00,['El Salvador minería'],diario.elmundo.sv,Iglesia Elim se suma a recolección de firmas contra la minería metálica en El Salvador,Recolección de firmas contra la minería metálica en la iglesia Elim en San Salvador. / Embajadores de la creación. La iglesia evangélica Elim se sumó ...,https://diario.elmundo.sv/nacionales/iglesia-elim-se-suma-a-recoleccion-de-firmas-contra-la-mineria-metalica-en-el-salvador,,
2025-01-30 01:00:07+00:00,['El Salvador minería'],elsalvador.com,Organizaciones solicitan medidas cautelares a CIDH en caso de ambientalistas de Santa Marta,... del Estado hacia los ambientalistas por su lucha contra la minería ... Las organizaciones también reiteran su rechazo a la extracción minera en el ...,https://www.elsalvador.com/noticias/nacional/organizaciones-solicitan-medidas-cautelares-cidh-caso-ambientalistas-santa-marta/1196732/2025/,,
2025-01-31 01:00:07+00:00,['El Salvador minería'],elsalvador.com,"Israel sí tiene minería como dijo Bukele, pero también daño ambiental - El Diario de Hoy","El presidente comparó la minería en el país del continente asiático con el caso de El Salvador. Esta práctica ha dañado comunidades, flora y fauna ...",https://www.elsalvador.com/noticias/nacional/israel-si-tiene-mineria-como-dijo-bukele-pero-tambien-dano-ambiental/1196813/2025/,,
2025-01-31 01:00:07+00:00,['El Salvador minería'],elsalvador.com,Las sombras de la minería en los pueblos de América Latina - Noticias de El Salvador,"Han ocurrido 284 conflictos relacionados con proyectos mineros según OCMAL, principalmente por la criminalización de las protestas contra esta ...",https://www.elsalvador.com/noticias/nacional/mineria-el-salvador-america-latina/1196818/2025/,,
2025-01-31 01:00:07+00:00,['El Salvador minería'],diario.elmundo.sv,"Las consecuencias de la minería ""son la principal amenaza a la salud pública"", según infectólogo","El presidente electo del Colegio Médico, Iván Solano, aseguró que los trabajadores de la minería podrían desarrollar ""enfermedades pulmonares ...",https://diario.elmundo.sv/nacionales/las-consecuencias-de-la-mineria-son-la-principal-amenaza-a-la-salud-publica-segun-infectologo,,
2025-01-31 01:00:07+00:00,['El Salvador minería'],lapagina.com.sv,"EEUU podría adoptar el “modelo Bukele” en la lucha contra la delincuencia, asegura Youtuber","El reconocido creador de contenido, Nick Shirley, asegura que Donald Trump está a punto de adoptar el “modo Bukele” para mantener a Estados Unidos ...",https://lapagina.com.sv/nacionales/eeuu-podria-adoptar-el-modelo-bukele-en-la-lucha-contra-la-delincuencia-asegura-youtuber/,,
2025-01-17 01:00:08+00:00,['El Salvador minería'],elsalvador.com,"Bukele: ""Minería no hay, va a haber"" - Noticias de El Salvador - El Diario de Hoy",El presidente justificó permitir la práctica de la minería diciendo que un alto número de salvadoreños ya tiene insuficiencia renal y no fue ...,https://www.elsalvador.com/noticias/nacional/bukele-mineria-no-hay-va-a-haber/1194047/2025/,,
2025-01-17 01:00:08+00:00,['El Salvador minería'],laprensagrafica.com,Ambientalistas desmienten al Gobierno y afirman que los efectos de la minería son a largo plazo,"Ambientalistas salieron al paso tras las declaraciones del presidente de El Salvador, que en el país los ríos no están contaminados debido a la ...",https://www.laprensagrafica.com/elsalvador/Ambientalistas-desmienten-al-Gobierno-y-afirman-que-los-efectos-de-la-mineria-son-a-largo-plazo-Pueden-verse-decadas-despues-20250115-0065.html,,
2025-01-17 01:00:08+00:00,['El Salvador minería'],diario.elmundo.sv,Bukele: “Los ríos en El Salvador no están contaminados por la minería” - Diario El Mundo,El presidente Nayib Bukele rechazó la noche del martes las críticas de ambientalistas y religiosos contra su proyecto de minería metálica en El ...,https://diario.elmundo.sv/politica/bukele-los-rios-en-el-salvador-no-estan-contaminados-por-la-mineria,,
2025-01-17 01:00:08+00:00,['El Salvador minería'],elsalvador.com,Organizaciones califican discurso de Bukele sobre minería de “criminal” contra el medio ambiente,"""Si hay minería, el agua en El Salvador se agota"", expresó. Las ... El foro Ecuménico de El Salvador reiteran la petición de derogar la Ley general de ...",https://www.elsalvador.com/noticias/nacional/organizaciones-califican-discurso-de-bukele-sobre-mineria-criminal-contra-el-medio-ambiente/1194141/2025/,,
2025-02-12 01:00:08+00:00,['El Salvador minería'],elsalvador.com,Colegio Médico: El Salvador no está listo ante posible crisis de salud por minería,"La gremial se une a las organizaciones sociales y movimientos ambientalistas que exigen la derogación de la Ley de Minería, ante los daños ...",https://www.elsalvador.com/noticias/nacional/colegio-medico-cuestiona-impactos-mineria-salud/1199515/2025/,,
2025-02-12 01:00:08+00:00,['El Salvador minería'],laprensagrafica.com,Salvadoreños reiteran su rechazo a la minera metálica e insisten en prohibición,"... de la exploración y explotación de la minería metálica en El Salvador, posible en el país centroamericano tras la aprobación en el Congreso.",https://www.laprensagrafica.com/Salvadorenos-reiteran-su-rechazo-a-la-minera-metalica-e-insisten-en-prohibicion-vy202502100002.html,,
2025-02-12 01:00:08+00:00,['El Salvador minería'],diario.elmundo.sv,Colegio Médico advierte que sistema de salud no está preparado ante los riesgos de la minería,"El Colegio Médico de El Salvador (Colmedes) manifestó este lunes su postura con respecto a la reactivación de la minería metálica en el país, ...",https://diario.elmundo.sv/nacionales/colegio-medico-advierte-que-sistema-de-salud-no-esta-preparado-ante-los-riesgos-de-la-mineria,,
2025-02-12 01:00:08+00:00,['El Salvador minería'],elfaro.net,El campesino que vive sobre una mina de oro - El Faro,"La explotación minera en El Salvador estuvo vetada durante siete años. El 31 de marzo de 2017, la Asamblea Legislativa aprobó una ley que prohibía la ...",https://elfaro.net/es/202502/el_salvador/27733/el-campesino-que-vive-sobre-una-mina-de-oro,,
2025-01-02 01:16:25+00:00,['El Salvador minería'],laprensagrafica.com,Pueblos Originarios realiza vigilia frente a Catedral Metropolitana en contra de la minería,"Los miembros protestaron por la nueva Ley General de Minería Metálica, aprobada por la Asamblea Legislativa el pasado 23 de diciembre.",https://www.laprensagrafica.com/elsalvador/CNPO-ES-realiza-vigilia-frente-a-Catedral-Metropolitana-en-contra-de-la-mineria-20241231-0026.html,,
2025-01-02 01:16:25+00:00,['El Salvador minería'],diario.elmundo.sv,Así fue el año 2024 en frases de Nayib Bukele sobre los temas más polémicos,"Durante este 2024, el presidente de la República, Nayib Bukele, participó en diferentes misiones oficiales donde brindó sus recomendaciones sobre ...",https://diario.elmundo.sv/politica/asi-fue-el-ano-2024-en-frases-de-nayib-bukele-sobre-los-temas-mas-polemicos,,
2025-01-02 01:16:25+00:00,['El Salvador minería'],laprensagrafica.com,"“La gente debe conocer sus derechos, que se empodere, luche y que el miedo no nos ...",Ivania Cruz es parte de una generación de mujeres que ha tomado la batuta en la defensa de derechos humanos durante la actual gestión ...,https://www.laprensagrafica.com/elsalvador/La-gente-debe-conocer-susderechos-que-se-empodere-luche-y-que-el-miedo-no-nos-paralice-Ivania-Cruz-abogada-y-vocera-de-Unidehc-20241227-0054.html,,
2025-01-02 01:16:25+00:00,['El Salvador minería'],diario.elmundo.sv,Transporte demanda el 50 % del consumo energético en El Salvador - Diario El Mundo,"La OLADE señala que el mayor consumidor energético es el sector de transporte, seguido de la industria y los hogares.",https://diario.elmundo.sv/economia/transporte-demanda-el-50-del-consumo-energetico-en-el-salvador,,
2025-01-29 01:00:07+00:00,['El Salvador minería'],elsalvador.com,Organizaciones denuncian la ley de la minería y despidos arbitrarios - El Diario de Hoy,"El Salvador se sometió a su cuarta evaluación del EPU sobre la situación de derechos humanos, impulsado por el Consejo de Derechos Humanos de las ...",https://www.elsalvador.com/noticias/nacional/organizaciones-denuncian-ley-mineria-y-despidos-arbitrarios/1196515/2025/,,
2025-01-29 01:00:07+00:00,['El Salvador minería'],elsalvador.com,"Afectados Cosavi:""pedimos castigos ejemplares para funcionarios a favor de la minería""","Salvador Cáceres, integrante de este grupo de afectados que exige el reintegro de su dinero al gobierno de El Salvador, comentó: ""El presidente salvó ...",https://www.elsalvador.com/noticias/nacional/cosavi-mineria-caserio-santa-marta-el-salvador/1196545/2025/,,
2025-01-29 01:00:07+00:00,['El Salvador minería'],diario.elmundo.sv,Colectivo pide a países de la ONU que vigilen el cumplimiento de las recomendaciones ...,El Colectivo Epu también pide a la Asamblea Legislativa la derogación de la Ley general de minería Metálica. La sesión del Examen Periódico ...,https://diario.elmundo.sv/politica/colectivo-pide-a-paises-de-la-onu-que-vigilen-el-cumplimiento-de-las-recomendaciones-hechas-a-el-salvador,,
2025-01-29 01:00:07+00:00,['El Salvador minería'],laprensagrafica.com,Cuestionan narrativa del Estado salvadoreño ante la ONU durante último Examen Períodico ...,"... Minería, y pidió a la comunidad internacional que esté vigilante de los requerimientos que se hicieron a El Salvador en el último EPU de la ONU.",https://www.laprensagrafica.com/elsalvador/Cuestionan-narrativa-del-Estado-salvadoreno-ante-la-ONU-durante-ultimo-Examen-Periodico-Universal-20250127-0058.html,,
2025-01-15 01:00:07+00:00,['El Salvador minería'],laprensagrafica.com,"""El Gobierno pinta que estamos parados sobre oro, es una mentira aberrante"" - La Prensa Gráfica","Llevamos ese camino en El Salvador, vamos a acabar como esas comunidades que mendigan para tener un empleo en una mina, un empleo que al final es un ...",https://www.laprensagrafica.com/elsalvador/El-Gobierno-pinta-que-estamos-parados-sobre-oro-es-una-mentira-aberrante-20250110-0112.html,,
2025-01-15 01:00:07+00:00,['El Salvador minería'],elsalvador.com,Luis Parada: Es mentira que El Salvador tenga altas concentraciones de oro,"El abogado, quien fue defensor del Estado ante demandas de compañías mineras, recordó que los estudios de las compañías no dan factibilidad en el ...",https://www.elsalvador.com/noticias/nacional/luis-parada-es-mentira-que-el-salvador-tenga-altas-concentraciones-de-oro/1193531/2025/,,
2025-01-15 01:00:07+00:00,['El Salvador minería'],elsalvador.com,Red Eclesial Ecológica Mesoamericana insta al gobierno a derogar ley de minería,"“Le pedimos señor presidente Nayib Bukele que, en uso de sus facultades constitucionales, le solicite a la Asamblea Legislativa de El Salvador la ...",https://www.elsalvador.com/noticias/nacional/red-eclesial-ecologica-mesoamericana-insta-al-gobierno-a-derogar-ley-mineria/1193626/2025/,,
2025-01-15 01:00:07+00:00,['El Salvador minería'],laprensagrafica.com,Minería y derechos humanos protagonizan el aniversario Acuerdos de Paz en El Salvador,Un grupo aproximado de 500 salvadoreños marcharon este domingo por las principales calles de San Salvador en el ámbito del 33 aniversario de la ...,https://www.laprensagrafica.com/Mineria-y-derechos-humanos-protagonizan-el-aniversario-Acuerdos-de-Paz-en-El-Salvador-vy202501130002.html,,
2025-01-14 01:00:16+00:00,['El Salvador minería'],elsalvador.com,"Nuevas Ideas está ""feliz"" por la sanción a ley de minería metálica - El Diario de Hoy","... del presidente de la República, Nayib Bukele, sobre la ley de la minería metálica en El Salvador, tras años de prohibición. “La sanción era algo ...",https://www.elsalvador.com/noticias/nacional/nuevas-ideas-esta-feliz-por-la-sancion-a-ley-de-mineria-metalica/1193402/2025/,,
2025-01-14 01:00:16+00:00,['El Salvador minería'],diario.elmundo.sv,"Organizaciones marchan contra la minería, régimen de excepción y despidos","La marcha partió del Parque Cuscatlán hacia la Plaza Gerardo Barrios, en el Centro Histórico. La macha concluyo casi al mediodía frente a la ...",https://diario.elmundo.sv/politica/organizaciones-marchan-contra-la-mineria-regimen-de-excepcion-y-despidos,,
2025-01-14 01:00:16+00:00,['El Salvador minería'],laprensagrafica.com,Organizaciones marchan en conmemoración de los Acuerdos de Paz de El Salvador,"El rechazo a la nueva ley de minería metálica fue una de las denuncias en la marcha conmemorativa. Alfredo Rodríguez. Durante el recorrido, los ...",https://www.laprensagrafica.com/elsalvador/Organizaciones-marchan-en-conmemoracion-de-los-Acuerdos-de-Paz-de-El-Salvador-20250112-0024.html,,
2025-01-14 01:00:16+00:00,['El Salvador minería'],laprensagrafica.com,Conmemoran segundo aniversario de detención de líderes de Santa Marta,El Salvador · Fotomultas · Pronóstico del clima · Curiosos · Inicio de clases · Reformas por conducción peligrosa. Ad. El SalvadorMinería metálica ...,https://www.laprensagrafica.com/elsalvador/Conmemoran-segundo-aniversario-de-detencion-de-lideres-de-Santa-Marta-20250111-0044.html,,
2025-01-28 01:00:16+00:00,['El Salvador minería'],laprensagrafica.com,Organizaciones mantienen presión para derogar la nueva ley de minería,COSAVI y diputada se pronunciaron ante el silencio de autoridades por derogar la ley de minería metálica.,https://www.laprensagrafica.com/elsalvador/Organizaciones-mantienen-presion-para-derogar-la-nueva-ley-de-mineria-20250126-0041.html,,
2025-01-28 01:00:16+00:00,['El Salvador minería'],laprensagrafica.com,En San Isidro acecha la sombra de la minería - La Prensa Gráfica,La Asociación Comité Ambiental de Cabañas en Defensa del Agua y la Cultura afirma que más de la mitad del distrito ya fue explorado con ...,https://www.laprensagrafica.com/elsalvador/En-San-Isidro-acecha-la-sombra-de-la-mineria-20250124-0081.html,,
2025-01-28 01:00:16+00:00,['El Salvador minería'],elsalvador.com,Piezas del Hospital Rosales son reducidas a escombros - Noticias de El Salvador,Las piezas de lamina de hierro han sido acumuladas en un estacionamiento interno del centro de salud. Foto EDH/ Menly Gonzalez; toda la estructura ...,https://www.elsalvador.com/fotogalerias/noticias-fotogalerias/hospital-rosales-demolicion-de-edificios-desalojo-arquitectura-salvadorena-el-salvador/1196234/2025/,,
2025-01-28 01:00:16+00:00,['El Salvador minería'],elsalvador.com,Bukele ordenará a diputados que aprueben ley de condonación de multas de tránsito,"Bukele afirmó que la condonación será con las multas impuestas desde el 20 de diciembre hasta este domingo 26, pero que quienes hayan cometido ...",https://www.elsalvador.com/noticias/nacional/bukele-ordenara-diputados-firma-decreto-condonacion-multas/1196367/2025/,,
2025-01-03 01:17:23+00:00,['El Salvador minería'],elsalvador.com,La minería en El Salvador - El Diario de Hoy,La lixiviación con tiosulfato ha sido objeto de investigación desde finales del siglo XX como una alternativa al uso de cianuro en la extracción ...,https://www.elsalvador.com/opinion/editoriales/mineria-/1191106/2025/,,
2025-01-03 01:17:23+00:00,['El Salvador minería'],diario.elmundo.sv,Pueblos originarios realizaron vigilia en el Centro Histórico contra la minería en El Salvador,La Coordinadora Nacional de Pueblos Originarios se concentró la noche del 31 de diciembre frente a Catedral Metropolitana en el Centro Histórico ...,https://diario.elmundo.sv/politica/pueblos-originarios-realizaron-vigilia-en-el-centro-historico-contra-la-mineria-en-el-salvador,,
2025-01-03 01:17:23+00:00,['El Salvador minería'],laprensagrafica.com,Causas y efectos del déficit deciudadanía - La Prensa Gráfica,También se verificó un aumento en la falta de apetito del ciudadano promedio por la política y el desinterés gubernamental en alentar un mayor grado ...,https://www.laprensagrafica.com/opinion/Causas-y-efectos-del-deficit-deciudadania-20250101-0061.html,,
2025-01-03 01:17:23+00:00,['El Salvador minería'],elsalvador.com,"¿Qué podemos esperar en el 2025? Lo bueno, lo malo y lo feo - Noticias de El Salvador","Donald Trump asumirá la presidencia el 20 de enero. Con más poder, más agresivo, irracional y peligroso que en su primer mandato. Esta vez tiene un ...",https://www.elsalvador.com/opinion/cartas-de-paolo/las-cartas-de-paolo-luers-/1191108/2025/,,
2025-01-24 01:00:07+00:00,['El Salvador minería'],diario.elmundo.sv,El 55 % de los salvadoreños no cree que haya minería sin contaminación ambiental,"... El Salvador “no tiene las condiciones” para la explotación minera. De los encuestados, el 23.51 % dice que el país sí tiene las condiciones. En ...",https://diario.elmundo.sv/politica/el-55-los-salvadorenos-no-cree-que-haya-mineria-sin-contaminacion-ambiental,,
2025-01-24 01:00:07+00:00,['El Salvador minería'],elsalvador.com,"Generaciones, minería, empleo y desarrollo - El Diario de Hoy",Le consultamos también a la IA sobre cuáles son las proyecciones de inversión extranjera para El Salvador este 2025 y nos responde: “Que son muy ...,https://www.elsalvador.com/opinion/editoriales/mineria-/1195559/2025/,,
2025-01-24 01:00:07+00:00,['El Salvador minería'],elsalvador.com,Producción de leche y carne en 2023 fue la más baja desde el 2000 en El Salvador,"Así lo reflejan datos del Ministerio de Agricultura y Ganadería (MAG) aún sin publicar. ASILECHE prevé que, en 2025, la producción de leche tenga ...",https://www.elsalvador.com/noticias/negocios/asileche-el-salvador-produccion-de-alimentos-carne-leche/1195362/2025/,,
2025-01-24 01:00:07+00:00,['El Salvador minería'],laprensagrafica.com,Asamblea Legislativa aprueba reformas que reestructuran la DOM - La Prensa Gráfica,El SalvadorPolíticaDOM. Asamblea Legislativa aprueba reformas que ... Ciudadanos y organizaciones rechazan la minería: “Un solo accidente ...,https://www.laprensagrafica.com/elsalvador/Asamblea-Legislativa-aprueba-reformas-que-reestructuran-la-DOM-20250122-0082.html,,
2025-01-18 01:00:07+00:00,['El Salvador minería'],laprensagrafica.com,¿Cuáles pueden ser los primeros efectos de la minería metálica en El Salvador?,"En el caso del cianuro, utilizado principalmente en la minería artesanal, explicó que puede causar enfermedades en la tiroides, generar síntomas ...",https://www.laprensagrafica.com/elsalvador/Cuales-pueden-ser-los-primeros-efectos-de-la-mineria-metalica-en-El-Salvador-20250116-0017.html,,
2025-01-18 01:00:07+00:00,['El Salvador minería'],lapagina.com.sv,Nayib Bukele evidencia doble discurso de la oposición ante minería y criptomonedas en El Salvador,"El mandatario recordó cómo, en 2021, los sectores opositores se mostraron en contra de la adopción del Bitcoin como moneda de curso legal en El ...",https://lapagina.com.sv/nacionales/nayib-bukele-evidencia-doble-discurso-de-la-oposicion-ante-mineria-y-criptomonedas-en-el-salvador/,,
2025-01-18 01:00:07+00:00,['El Salvador minería'],lapagina.com.sv,Presidente Bukele llama a la población a no poner atención a quienes se oponen a la minería,"... minería traerá beneficios para el país. porRedacción Diario La Página ... El Salvador jueves, 16 enero 2025 5:45 PM En «General». Presidente ...",https://lapagina.com.sv/nacionales/presidente-bukele-llama-a-la-poblacion-a-no-poner-atencion-a-quienes-se-oponen-a-la-mineria/,,
2025-01-18 01:00:07+00:00,['El Salvador minería'],elsalvador.com,Agricultura de exportación: su impacto ambiental - El Diario de Hoy,La agricultura tiene impacto en el medio ambiente; mucho más lo tiene la minería ... Dos años después un investigador de la Universidad de El Salvador ...,https://www.elsalvador.com/opinion/editoriales/mineria-/1194332/2025/,,
2025-01-19 01:00:08+00:00,['El Salvador minería'],elsalvador.com,“El descontento social no desaparece”: Empleados del MOP arrancaron afiches contra la minería,Empleados del Ministerio de Obras Públicas (MOP) retiraron gran parte de afiches en contra de la aprobación de la minería en El Salvador que fueron ...,https://www.elsalvador.com/noticias/mineria-el-salvador-/1194375/2025/,,
2025-01-19 01:00:08+00:00,['El Salvador minería'],elfaro.net,"“Nos da cólera, nos quieren ver como que somos muy ignorantes con la minería” - El Faro","Para el más célebre ambientalista antiminería de El Salvador, la reactivación de esa actividad en el país viene con un riesgo añadido: “La ...",https://elfaro.net/es/202501/el_salvador/27705/nos-da-colera-nos-quieren-ver-como-que-somos-muy-ignorantes-con-la-mineria,,
2025-01-19 01:00:08+00:00,['El Salvador minería'],diario.elmundo.sv,Un 94.9 % de salvadoreños creen que sería peligroso vivir cerca de una mina,La encuesta del Instituto Universitario de Opinión Pública (Iudop) reiteró que seis de cada diez salvadoreños no creen que El Salvador sea apropiado ...,https://diario.elmundo.sv/politica/un-949-de-salvadorenos-creen-que-seria-peligroso-vivir-cerca-de-una-mina,,
2025-01-19 01:00:08+00:00,['El Salvador minería'],elsalvador.com,La estafa del “lingote de oro” en El Salvador: corrupción y muerte (II) - El Diario de Hoy,"... al menos, expectativas favorables a la implementación de la minería en El Salvador. Y cuando digo ningún experto estoy siendo bondadoso para con el ...",https://www.elsalvador.com/opinion/editoriales/mineria-/1194521/2025/,,
2025-01-25 01:00:07+00:00,['El Salvador minería'],laprensagrafica.com,"Dirección de Energía declara confidencial estudios de minería por ser un ""secreto comercial""","Los secretos comerciales implican el resguardo de información de una determinada empresa respecto a sus datos y actividades, según el IAIP.",https://www.laprensagrafica.com/elsalvador/Direccion-de-Energia-declara-confidencial-estudios-de-mineria-por-ser-un-secreto-comercial-20250123-0088.html,,
2025-01-25 01:00:07+00:00,['El Salvador minería'],diario.elmundo.sv,"Presidente de la Asamblea supone que prohibición de ""otras sustancias"" incluye el cianuro ...","Ante la pregunta sobre una posible reforma para agregar el cianuro como sustancia prohibida en la Ley General de Minería Metálica, que prohíbe el ...",https://diario.elmundo.sv/politica/presidente-de-la-asamblea-supone-que-prohibicion-de-otras-sustancias-incluye-el-cianuro-en-ley-de-mineria,,
2025-01-25 01:00:07+00:00,['El Salvador minería'],elsalvador.com,Acuerdo con la India proporcionará apoyo de hasta $1.2 millones para proyectos,"El Gobierno, a través del Ministerio de Relaciones Exteriores solicita a la Asamblea Legislativa que ratifique el acuerdo entre El Salvador y la India ...",https://www.elsalvador.com/noticias/nacional/acuerdo-con-india-proporcionara-apoyo-de-hasta-1-2-millones-para-proyectos/1195728/2025/,,
2025-01-25 01:00:07+00:00,['El Salvador minería'],elfaro.net,"Vistos desde El Salvador, los héroes de Trump pierden su lustre - El Faro","Cuando Donald Trump habla del Destino Manifiesto, el Canal de Panamá, McKinley y Roosevelt, habla de una realidad que vivieron nuestros ...",https://elfaro.net/es/202501/columnas/27715/vistos-desde-el-salvador-los-heroes-de-trump-pierden-su-lustre,,
2025-01-21 01:00:15+00:00,['El Salvador minería'],elsalvador.com,"“Me preocupa que no haya información objetiva”, dice experta sobre minería en El Salvador","“Me preocupa que no haya información objetiva”, dice experta sobre minería en El Salvador. Para Claudia Vega, coordinadora del programa de mercurio ...",https://www.elsalvador.com/noticias/nacional/me-preocupa-que-no-haya-informacion-objetiva-dice-experta-sobre-mineria-en-el-salvador-/1194343/2025/,,
2025-01-21 01:00:15+00:00,['El Salvador minería'],elsalvador.com,Ciudadanos protestan contra la minería frente a la BINAES y recolectan firmas,Durante este evento arrancó la campaña de recolecta de firmas en contra de la minería que el Arzobispado de San Salvador junto a la organización no ...,https://www.elsalvador.com/noticias/nacional/mineria-protestas-sociales-binaes-san-salvador-centro-historico/1194847/2025/,,
2025-01-21 01:00:15+00:00,['El Salvador minería'],laprensagrafica.com,Ciudadanos y organizaciones rechazan la minería: “Un solo accidente podría resultar en ...,"Organizaciones ambientalistas y de defensa de derechos humanos se reunieron este domingo frente a la Biblioteca Nacional de El Salvador (BINAES), en ...",https://www.laprensagrafica.com/elsalvador/FOTOS--Organizaciones-realiza-planton-en-contra-la-mineria-frente-a-Biblioteca-Nacional-20250119-0014.html,,
2025-01-21 01:00:15+00:00,['El Salvador minería'],elfaro.net,Rechazo a la minería se planta frente a la Biblioteca Nacional - El Faro,"Unas mil personas protestaron este domingo 19 de enero contra la Ley General de la Minería Metálica, que fue aprobada el 23 de diciembre de 2024, ...",https://elfaro.net/es/202501/ef_foto/27709/rechazo-a-la-mineria-se-planta-frente-a-la-biblioteca-nacional,,
2025-01-27 01:01:49+00:00,['El Salvador minería'],elsalvador.com,Obispos salvadoreños convocan a jornada de oración ante aprobación de ley de minería,"También lleva la firma del Presidente de la Conferencia Episcopal de El Salvador, Monseñor José Luis Escobar Alas (Arzobispo de San Salvador), y del ...",https://www.elsalvador.com/noticias/nacional/mineria-el-salvador-iglesia-catolica-/1196083/2025/,,
2025-01-27 01:01:49+00:00,['El Salvador minería'],diario.elmundo.sv,Obispos convocan a jornada de oración ante posibles desastres por la minería,La Conferencia Episcopal de El Salvador (CEDES) convocó a una jornada de oración y ayuno ante el “posible desastre” que causaría la reactivación ...,https://diario.elmundo.sv/politica/obispos-convocan-a-jornada-de-oracion-ante-posibles-desastres-por-la-mineria,,
2025-01-27 01:01:49+00:00,['El Salvador minería'],elsalvador.com,¿Y quién manda en el MINED? - Noticias de El Salvador - El Diario de Hoy,"En Cuscatancingo, una escuela con 400 alumnos matriculados, fue cerrrada una semana antes de iniciar el año escolar. “¿Dónde denunciamos si nadie nos ...",https://www.elsalvador.com/opinion/editoriales/lucha-contra-la-corrupcion-/1196246/2025/,,
2025-01-27 01:01:49+00:00,['El Salvador minería'],diario.elmundo.sv,"Manuel Chino Flores: ""No nos quita el sueño"" que eliminen la deuda política","El secretario general del Frente Farabundo Martí para la Liberación Nacional (FMLN), Manuel Flores, se pronunció ante la manifestación del ...",https://diario.elmundo.sv/politica/manuel-chino-flores-no-nos-quita-el-sueno-que-eliminen-la-deuda-politica,,
2025-02-02 01:00:07+00:00,['El Salvador minería'],elsalvador.com,Flores para resistir al cianuro - Noticias de El Salvador,"Esta comunión, entre la Iglesia y los movimientos sociales, ya derrotó dos veces a las corporaciones mineras en la última década: la primera vez en la ...",https://www.elsalvador.com/opinion/editoriales/mineria-/1197292/2025/,,
2025-02-02 01:00:07+00:00,['El Salvador minería'],laprensagrafica.com,¿Quién tiene la última palabra? - La Prensa Gráfica,El Salvador · Donald Trump · Premios Óscar · Fito Zelaya · Club del vinagre y ... Esa ley define el ciclo minero como “todas las fases que comprenden ...,https://www.laprensagrafica.com/opinion/Quien-tiene-la-ultima-palabra-20250130-0085.html,,
2025-02-02 01:00:07+00:00,['El Salvador minería'],laprensagrafica.com,Rector de la UES afirma que GOES les adeuda $32 millones - La Prensa Gráfica,"El rector de la Universidad de El Salvador (UES), Juan Rosa Quintanilla ... ""No es posible"" la minería sustentable, afirma el rector de la UES.",https://www.laprensagrafica.com/elsalvador/Rector-de-la-UES-afirma-que-GOES-les-adeuda-32-millones-20250131-0080.html,,
2025-02-02 01:00:07+00:00,['El Salvador minería'],voces.org.sv,“El Salvador es mejor sin minería”: comunidades organizadas expresan rotundo rechazo a ...,"Desde el pasado 23 de diciembre de 2024, El Salvador abrió las puertas a la explotación minera. Como “inconsulta” e “irresponsable” calificaron las ...",https://voces.org.sv/el-salvador-es-mejor-sin-mineria-comunidades-organizadas-expresan-rotundo-rechazo-a-la-nueva-fiebre-de-oro/,,
2025-02-01 01:00:10+00:00,['El Salvador minería'],laprensagrafica.com,"""El caso ha cobrado más importancia después de la derogación de la Ley de Prohibición de ...","El SalvadorJudicialMinería metálica. ""El caso ha cobrado más importancia después de la derogación de la Ley de Prohibición de la Minería Metálica"" ...",https://www.laprensagrafica.com/elsalvador/El-caso-ha-cobrado-mas-importancia-despues-de-la-derogacion-de-la-Ley-de-Prohibicion-de-la-Mineria-Metalica-20250130-0067.html,,
2025-02-01 01:00:10+00:00,['El Salvador minería'],elsalvador.com,Organizaciones realizan caravana en rechazo a ley de minería - Noticias de El Salvador,Organizaciones sociales y comunitarias que se oponen al desarrollo de la industria minera en el país realizaron una caravana en la jurisdicción de San ...,https://www.elsalvador.com/noticias/nacional/mineria-cabanas-protestas-sociales/1197184/2025/,,
2025-02-01 01:00:10+00:00,['El Salvador minería'],elsalvador.com,"“No a la minería, sí a la vida”: Iglesia Elim se suma a recolección de firmas contra la ...",... minera sin contaminación y el 48.73 % de los encuestados no apoya la idea del presidente de realizar minería en El Salvador. Foto EDH/ Jessica ...,https://www.elsalvador.com/fotogalerias/noticias-fotogalerias/mineria-iglesia-evangelica-el-salvador-nayib-bukele/1196782/2025/,,
2025-02-01 01:00:10+00:00,['El Salvador minería'],diario.elmundo.sv,"Relatora de la ONU dice seguirá ""de cerca"" audiencia contra los cinco líderes de Santa Marta",... minería metálica en El Salvador. Seis de los ocho acusados en el ...,https://diario.elmundo.sv/nacionales/relatora-de-la-onu-dice-seguira-de-cerca-audiencia-contra-los-cinco-lideres-de-santa-marta,,
2025-01-26 01:00:07+00:00,['El Salvador minería'],elsalvador.com,Estudios sobre minería en El Salvador fueron declarados confidenciales - El Diario de Hoy,"En la presentación de la propuesta, la Dirección General de Energía, Hidrocarburos y Minas dijo que hasta contar con una ley realizarían los ...",https://www.elsalvador.com/noticias/nacional/estudios-mineria-fueron-declarados-confidenciales/1195983/2025/,,
2025-01-26 01:00:07+00:00,['El Salvador minería'],diario.elmundo.sv,Oposición atribuye a ley de minería baja de 0.7 en la nota de Bukele en encuesta,"La diputada Marcela Villatoro, de la Alianza Republicana Nacionalista (Arena), cree que la baja puede deberse a la Ley General de la Minería. “Que las ...",https://diario.elmundo.sv/politica/oposicion-atribuye-a-ley-de-mineria-baja-de-07-en-la-nota-de-bukele-en-encuesta,,
2025-01-26 01:00:07+00:00,['El Salvador minería'],laprensagrafica.com,Caudal de vida (2/2) - La Prensa Gráfica,El Estado salvadoreño ha sido incapaz de protegernos de la contaminación generalizada de heces fecales en todos los ríos de nuestro país ¿Cómo va ...,https://www.laprensagrafica.com/opinion/Caudal-de-vida-22-20250123-0073.html,,
2025-01-26 01:00:07+00:00,['El Salvador minería'],elsalvador.com,"El TikTok, la BINAES y los machetes - El Diario de Hoy","Pancartas, megáfonos, carteles, banderas y jóvenes, sobre todo jóvenes, movilizados desde diferentes puntos para emitir un mensaje claro, contundente ...",https://www.elsalvador.com/opinion/editoriales/mineria-/1195909/2025/,,
2025-01-20 01:00:08+00:00,['El Salvador minería'],elsalvador.com,"""Lo peor que podemos hacer es quedarnos callados"": Pega de afiches contra la minería ...",Reverdes asegura que la pega de afiches continuará como un medio de expresión de quienes están en contra de la minería en El Salvador.,https://www.elsalvador.com/fotogalerias/mineria-el-salvador-medio-ambiente-/1194555/2025/,,
2025-01-20 01:00:08+00:00,['El Salvador minería'],laprensagrafica.com,Vendedores de Plaza Zacamil aún en incertidumbre por desalojos - La Prensa Gráfica,"Noticias de El Salvador y el mundo: actualidad, última hora, política, economía, judicial, espectáculos, deportes, videos y más.",https://www.laprensagrafica.com/-Vendedores-de-Plaza-Zacamil-aun-en-incertidumbre-por-desalojos--ve202501180001.html,,
2025-01-20 01:00:08+00:00,['El Salvador minería'],elsalvador.com,El Salvador y el Imperio del Manchukuo - El Diario de Hoy,"En mayo de 1934, el gobierno salvadoreño decidió dar un paso diplomático muy atrevido, en procura de un milagro económico que lo salvara de la ...",https://www.elsalvador.com/entretenimiento/cultura/el-salvador-y-imperio-del-manchukuo-historia-salvadorena-japon-/1194503/2025/,,
2025-01-20 01:00:08+00:00,['El Salvador minería'],revistafactum.com,"Trump, Bukele y Maduro: ¿Quién ganará la carrera de los tiranos? - Revista Factum","En este episodio, Jessica Ávalos y César Fagoaga hablaron del regreso de Donald Trump a la Casa Blanca y de cómo sus delirios podrían alcanzar a ...",https://www.revistafactum.com/slm-tiranos/,,
